ID,Time,lat,lon,alt_AGL_ft,speed_kts,heading_deg,dh_fpm,alt_MSL_ft
303,0,42.2633809861779,-71.2125129726164,3988.76879601043,53.33806747783295,0.0,235.15220641529245,4152.78691947833
303,1,42.2631698313794,-71.2126845057666,3993.01972502243,53.33806747783295,7.000806440235494,235.15220641529245,4156.6816942133
303,2,42.2629771423763,-71.2128915610618,3997.48177424865,53.33806747783295,14.973399221017816,235.15220641529245,4160.6388511844
303,3,42.2628076472137,-71.2131325950647,4002.08898383927,53.33806747783295,22.950063824334126,236.1370579357393,4164.58988615125
303,4,42.2626553312863,-71.2133936710836,4007.71092015266,53.33806747783295,26.431374232996287,300.11864945919126,4169.43432373926
303,5,42.2625248695524,-71.2136750702672,4013.62450054226,53.33806747783295,34.41047347172299,300.11864945919126,4174.45848834142
303,6,42.2624246849701,-71.213978125861,4019.07493591396,53.33806747783295,42.39355313490918,301.07931613806477,4179.47525317967
303,7,42.262347355072,-71.2142931197217,4025.26780646916,53.33806747783295,46.89974923938234,349.08675915698217,4185.18668842316
303,8,42.2622982595378,-71.2146179974004,4031.79823658698,53.33806747783295,54.888082162151626,350.0290987798406,4191.00764837489
303,9,42.2622828197926,-71.2149488705254,4038.58901531689,53.33806747783295,62.779067851927564,353.77102814926053,4196.87856950983
303,10,42.2622951719729,-71.2152799975992,4045.892343562,53.33806747783295,68.71750414807673,378.3675388137515,4203.13256432116
303,11,42.2623392696302,-71.2156060532533,4053.32586175979,53.33806747783295,76.70528122800405,378.3675388137515,4209.42053430527
303,12,42.2624165943755,-71.2159206983874,4060.79947526481,53.33806747783295,84.69305830793137,378.3675388137515,4215.70127703995
303,13,42.2625256460643,-71.2162178279406,4068.0801706294,53.33806747783295,92.68083538785928,378.3675388137515,4221.97528522089
303,14,42.2626643089459,-71.2164916766331,4074.52018074971,53.33806747783295,100.5586627468255,351.9000836910569,4228.24318228662
303,15,42.2628294739513,-71.2167376158322,4080.22832690672,53.33806747783295,108.44350911252756,351.90454054937453,4234.04300518706
303,16,42.2630182381543,-71.2169505387997,4085.68609010762,53.33806747783295,116.4282484837183,351.90454054937453,4239.8600643836
303,17,42.2632271415488,-71.2171261000458,4090.8843447348,53.33806747783295,124.41298785490903,351.90454054937453,4245.67350867391
303,18,42.2634521339007,-71.2172608952997,4095.85144771122,53.33806747783295,132.3977272260992,351.90454054937453,4251.4843394272
303,19,42.2636888529856,-71.2173523106135,4100.62832637617,53.33806747783295,140.1680861909887,300.23752518006347,4257.29360864684
303,20,42.2639326165936,-71.2174032334416,4102.91293550838,53.33806747783295,146.36474862691063,201.32354383252994,4260.74308845028
303,21,42.2641790739829,-71.2174150865033,4104.96838136026,53.33806747783295,154.33412981747134,201.32354383252994,4264.04256832227
303,22,42.2644243716737,-71.2173808232743,4106.99025935867,53.33806747783295,162.3035832600171,201.32354383252994,4267.34346757457
303,23,42.2646637716317,-71.217301105046,4109.03874621752,53.33806747783295,170.27303670256285,201.32354383252994,4270.64683870971
303,24,42.2648926496888,-71.2171774711984,4111.17019939871,53.33806747783295,178.24661006437753,202.3209270334389,4273.95368640497
303,25,42.2651131088499,-71.2170287370224,4115.03909100622,53.33806747783295,179.63339802523325,341.91357980895964,4278.90030457452
303,26,42.2653244508957,-71.2168584382159,4119.73038359709,53.33806747783295,187.2387414786942,341.91357980895964,4284.55578096956
303,27,42.265516304596,-71.2166505146096,4124.60092755794,53.33806747783295,195.22236143907418,341.91357980895964,4290.21659342572
303,28,42.2656848481519,-71.2164087321558,4129.67477868731,53.33806747783295,203.20598139945417,341.91357980895964,4295.88350068033
303,29,42.2658268144574,-71.216137777744,4134.96181803687,53.33806747783295,211.18960135983474,341.91357980895964,4301.55711597204
303,30,42.2659394516019,-71.2158429038867,4140.45823303389,53.33806747783295,219.17322132021474,341.91357980895964,4307.2379225418
303,31,42.2660205762289,-71.2155298268883,4146.14750098925,53.33806747783295,227.1568412805947,341.91357980895964,4312.92626424506
303,32,42.2660686158709,-71.2152046160139,4152.00228674045,53.33806747783295,235.1404612409747,341.91357980895964,4318.62233895063
303,33,42.2660826394394,-71.2148735758082,4157.98709576081,53.33806747783295,243.12408120135467,341.91357980895964,4324.32619468495
303,34,42.2660623752794,-71.2145431238475,4164.06146757559,53.33806747783295,251.1077011617341,341.91357980895964,4330.03772872686
303,35,42.2660082164363,-71.214219666298,4170.18345414866,53.33806747783295,259.0913211221141,341.91357980895964,4335.7566895932
303,36,42.2659212130342,-71.2139094736959,4176.31310794584,53.33806747783295,266.86062734548165,290.24352555521455,4341.48268193752
303,37,42.2658044631981,-71.2136171726554,4181.16419737339,53.33806747783295,274.3506006378702,267.65782209873095,4345.96436568722
303,38,42.2656597851298,-71.21334852847,4185.97442341696,53.33806747783295,282.3263704253156,267.65782209873095,4350.46467863396
303,39,42.2654888190372,-71.2131095127073,4190.71445567733,53.33806747783295,290.3061659480965,268.63059188822405,4354.97013510764
303,40,42.2653010415643,-71.2128945163863,4196.12683496348,53.33806747783295,294.8104619321127,320.4649615376062,4360.23014255613
303,41,42.2650958454906,-71.2127110237974,4201.59236437747,53.33806747783295,302.79172946061925,320.4649615376062,4365.62214897573
303,42,42.2648737126059,-71.2125676696102,4206.99447064498,53.33806747783295,310.7729969901623,320.4649615376062,4371.01692669094
303,43,42.2646389466188,-71.2124672307009,4212.38296491918,53.33806747783295,318.7542645197054,320.4649615376062,4376.41343566775
303,44,42.2643960959364,-71.2124116524464,4217.81589463273,53.33806747783295,326.73948316207895,321.4180232161945,4381.81060229614
303,45,42.2641503119822,-71.2123888384637,4223.87634317528,53.33806747783295,331.2459887473589,364.2207597541035,4387.83818722144
303,46,42.2639044097399,-71.2124053017243,4230.00749305155,53.33806747783295,339.2321287571897,364.2207597541035,4393.96360496059
303,47,42.2636625912155,-71.2124676014607,4236.08022265064,53.33806747783295,347.2182687685348,364.2207597541035,4400.08691205457
303,48,42.2634295469868,-71.2125745287894,4242.29847382899,53.33806747783295,355.20440877988057,364.2207597541035,4406.20708109066
303,49,42.2632097973904,-71.2127240092786,4248.73323660269,53.33806747783295,363.1905487912257,364.2207597541035,4412.32314548269
303,50,42.2630076048514,-71.2129131432176,4255.31283563474,53.33806747783295,371.1805782967068,365.1574189872302,4418.43421819434
303,51,42.2628192608766,-71.2131265650312,4262.99619355397,53.33806747783295,374.456286458893,384.47382983610595,4425.51934910193
303,52,42.2626473537003,-71.2133646545911,4265.66895697174,53.33806747783295,380.6102330248953,27.001632258132457,4427.46047324315
303,53,42.2624848535364,-71.2136148884059,4268.51642785772,53.33806747783295,382.2522985102564,167.01568300492895,4429.57925498858
303,54,42.2623389076848,-71.2138825925706,4271.21579778079,53.33806747783295,390.08416838492485,167.01568300492895,4432.38946225122
303,55,42.2622218773965,-71.2141749006066,4274.236102059,53.33806747783295,398.0506114604559,167.01568300492895,4435.19248746708
303,56,42.2621360680871,-71.2144862232367,4277.55122212721,53.36495461956862,406.0212233812714,168.11043038431234,4437.98794275522
303,57,42.2620721757965,-71.2148080289974,4281.86079820534,53.63382603692566,409.7571337499353,223.34991879440057,4441.57609013468
303,58,42.2620347915727,-71.215138759998,4286.49932211971,53.90269745428271,417.7107513549407,223.34991935433183,4445.29916320741
303,59,42.2620317074448,-71.2154749511419,4291.31345937515,54.17156887163969,425.49625552916865,186.9981717430934,4449.01429962367
303,60,42.2620624374539,-71.2158104045753,4295.61378853986,54.44044028899675,433.31486798812165,187.0208954922194,4452.09489282966
303,61,42.2621272126025,-71.2161386763418,4299.98870627018,54.709311706353795,441.20751085554537,187.02089594034493,4455.189313896
303,62,42.2622253054572,-71.2164534310118,4304.35762923931,54.98022978236754,449.0818905260424,187.02088930375274,4458.27648601308
303,63,42.2623551348613,-71.2167486551433,4308.66712071625,55.26956778629229,456.8216347387068,158.37983788404412,4461.35691589862
303,64,42.2625140144853,-71.2170192960003,4312.28959253314,55.55890579021703,464.49289459991985,154.308021140089,4463.94266426936
303,65,42.2626991705408,-71.2172603610851,4314.55832867819,55.84824379414173,472.16231205441886,154.31019539808307,4466.4666698575
303,66,42.2629076077011,-71.2174671447964,4316.52886038329,56.13758179806647,479.8154274881366,154.3101958245698,4468.98623052984
303,67,42.2631358176508,-71.2176355852276,4318.21958158138,56.426919801991225,487.46849620093064,154.3101962445084,4471.50223930553
303,68,42.2633799807914,-71.2177619809842,4319.66243671926,56.716257805915916,495.22975941277593,155.4093376052424,4474.01565182954
303,69,42.2636327637363,-71.2178596595017,4322.25709729233,57.00559580984066,498.06887701051113,255.6533281504777,4477.83862898871
303,70,42.2638924986195,-71.2179241111134,4325.09525845156,57.386837573927004,505.8004576241928,255.65225482501342,4482.03934681788
303,71,42.2641599921797,-71.2179411145131,4327.80484161477,58.59521317946807,513.2956878878974,199.40491170621362,4486.2394441776
303,72,42.2644333423789,-71.2179210348961,4327.07287332375,59.80358878500937,517.0312171610642,-37.430504614673076,4487.0683500804
303,73,42.2647107801378,-71.2178782596548,4322.51478253424,61.01196439055013,520.4260675204315,-232.48283205553795,4484.09306622297
303,74,42.2649912932586,-71.217812128344,4316.99999767384,62.22033999609149,523.6934016544952,-267.5600920225239,4480.15736295283
303,75,42.2652738796133,-71.2177225438728,4310.9322302359,63.42871560163226,527.0801566658655,-267.4955637726232,4475.63843658194
303,76,42.2655574831318,-71.2176088215594,4304.92265414331,64.63709120717363,530.3357008544914,-308.7337902610979,4471.12031915784
303,77,42.2658408847783,-71.2174707455878,4298.00042723748,65.84546681271438,533.7320378275751,-329.52234159852827,4465.60400958732
303,78,42.2661229682328,-71.2173076796431,4291.15809548257,67.05384241825574,537.0571529250382,-329.5223814402805,4460.05439853668
303,79,42.2664025615338,-71.2171194863579,4284.45764558946,68.2622180237965,540.3824142336383,-329.52241917993933,4454.50635680929
303,80,42.2666813875813,-71.2169129741273,4277.90035580138,69.47059362933727,540.916717745011,-329.52245496287895,4448.95943411067
303,81,42.2669648353368,-71.2167021232139,4271.45049971498,70.67896923487864,540.9169140098777,-309.1544005106781,4443.41227846965
303,82,42.2672532219952,-71.2164875964142,4265.45106853507,71.8873448404194,540.9169140711665,-309.19069426324995,4438.20377016813
303,83,42.2675465102466,-71.21626942119,4259.56980728831,73.09572044596075,540.9169140711934,-309.190723031566,4432.99496726319
303,84,42.2678446999339,-71.2160475975409,4253.81348374516,74.30409605150153,540.9169140711934,-309.19075040508636,4427.78596591577
303,85,42.2681477909003,-71.215822125464,4248.18891733854,75.51247165704288,540.9169140711934,-309.1907764725697,4422.57680256665
303,86,42.2684557829952,-71.2155930049501,4242.70303945112,76.72084726258365,540.9169140711934,-309.1908013158147,4417.36751423031
303,87,42.2687686760739,-71.2153602359833,4237.36289346175,77.87440953098411,540.9169140711934,-309.1913479817333,4412.15813852847
303,88,42.2690852472331,-71.2151247281736,4232.17545647659,78.53857404881829,540.9169140711934,-309.191324477363,4406.94891991094
303,89,42.2694045834548,-71.2148871606411,4227.14559188789,79.2380391199424,540.9169140711934,-309.19132882411776,4401.74005466327
303,90,42.2697267562793,-71.2146474800924,4222.27750194797,79.9375041910665,540.9169140711934,-309.19133303375645,4396.53155212104
303,91,42.2700517656579,-71.2144056864889,4217.5754523247,80.63696926219059,540.9169140711934,-309.1913371341718,4391.3234350495
303,92,42.2703796115434,-71.2141617797906,4213.04374626364,81.3832676715526,540.9169140711934,-309.1909315555685,4386.11572640389
303,93,42.270711338564,-71.213914982761,4208.68951583333,82.551066125062,540.9169140711934,-309.1909500949158,4380.90828661993
303,94,42.2710478013599,-71.21366465947,4200.8469917466,83.7188645785714,540.9169140711934,-309.190967295804,4375.70100459084
303,95,42.2713889998207,-71.2134108098697,4190.52701287792,84.87988525209427,540.9169140711934,-309.1910499227702,4370.49391999096
303,96,42.271734782662,-71.2131535463813,4179.69607944705,85.97990590573998,540.9169140711934,-309.19106308166863,4365.28709523007
303,97,42.2720850260967,-71.2128929609724,4168.33877896246,87.07992655938571,540.9169140711934,-309.19107582734307,4360.08058957383
303,98,42.2724397300338,-71.2126290535828,4156.43768102649,88.17994721303144,540.9169140711934,-309.19108809832915,4354.87444192544
303,99,42.2727988943848,-71.2123618241492,4143.8566818291,89.27996786667718,540.9169140711934,-309.1910999179139,4349.66869169474
303,100,42.2731625190633,-71.2120912726047,4131.29206063674,90.3799885203229,540.9169140711934,-309.19111130797216,4344.46337877214
303,101,42.2735306039848,-71.2118173988794,4119.09208926984,91.48000917396863,540.9169140711934,-261.0799841365651,4339.25854355842
303,102,42.2739032424856,-71.2115401352781,4108.59624263378,92.58002982761377,540.9169140711934,-226.24699042522462,4335.3786344789
303,103,42.2742803436233,-71.2112595475252,4098.55676850533,93.68005048125949,540.9169140711934,-179.03235776376064,4331.55726785958
303,104,42.2746619446659,-71.2109756087896,4089.718260157,94.78007113490523,540.9169140711934,-229.54341630549277,4328.52253703028
303,105,42.2750478361125,-71.2106884700782,4078.77279123438,95.88009178855096,540.9169140711934,-353.66917860792785,4322.94631982595
303,106,42.2754381596252,-71.2103980289419,4067.91002152441,96.9801124421967,540.9169140711934,-302.6767878728924,4317.00320447981
303,107,42.2758331554154,-71.210104112928,4061.66230743803,98.08013309584241,540.9169140711934,8.378130460643525e-14,4315.21061404049
303,108,42.2762326571318,-71.2098068422454,4057.64481012119,99.18015374948814,540.9169140711934,2.537157463879974e-43,4315.16346010193
303,109,42.2766366161614,-71.2095062504374,4054.13155092751,100.28017440313387,540.9169140711934,6.875406670791768e-73,4315.1171264872
303,110,42.2770450324772,-71.2092023373768,4051.14081847754,101.38019505677961,540.9169140711934,1.6692838355979282e-102,4315.07165803015
303,111,42.2774579060518,-71.2088951029351,4048.69110371311,102.48021571042533,540.9169140711934,3.635477394442124e-132,4315.02710004896
303,112,42.2778752368577,-71.208584546982,4046.80109994579,103.58023636407047,540.9169140711934,7.110492077469662e-162,4314.98349837586
303,113,42.2782970248667,-71.2082706693863,4045.48970282729,104.6802570177162,540.9169140711934,-55.505502893762646,4314.9408993125
303,114,42.2787231020459,-71.2079535886259,4040.26842314354,105.78027767136192,540.9169140711934,-383.76538847683787,4310.39153130725
303,115,42.2791535243014,-71.2076332666743,4033.77539872201,106.88029832500766,540.9169140711934,-383.76539699950115,4303.95501367375
303,116,42.2795884067509,-71.2073096203951,4038.25151265083,107.98031897865339,540.9169140711934,-326.93150773498314,4297.51963816211
303,117,42.2800279176738,-71.2069825279359,4045.6297280981,109.08033963229911,540.9169140711934,-164.36492787010718,4293.57494005933
303,118,42.2804719404643,-71.2066520740283,4054.25040755484,110.18036028594484,540.9169140711934,-164.42188180478317,4290.79779735208
303,119,42.2809204208875,-71.2063182972121,4062.94456420097,111.28038093959057,540.9169140711934,-164.42188503440798,4288.02185020596
303,120,42.2813733589091,-71.2059811973493,4071.71107779891,112.3804015932363,540.9169140711934,-164.42188816960208,4285.24724321067
303,121,42.2818307544912,-71.2056407743027,4080.54872111888,113.48042224688145,540.9169140711934,-164.42189121400773,4282.47402665392
303,122,42.2822926075958,-71.2052970279337,4089.45625480911,114.58044290052716,540.9169140711934,-225.32649253115883,4279.70225130394
303,123,42.2827587687967,-71.2049500652869,4095.61496759207,115.6804635541729,540.9169140711934,-353.33453934944004,4274.11820810661
303,124,42.2832293680302,-71.2045997930132,4101.50583086659,116.73657045749037,540.9169140711934,-353.33474604991324,4268.20093471557
303,125,42.2837034471335,-71.2042469245904,4107.43849385575,117.39745360785113,540.9169140711934,-353.3347472095046,4262.28530627489
303,126,42.2841802048661,-71.2038920562673,4110.25150052074,118.0583367582119,540.9169140711934,-416.0995087392964,4256.37140766159
303,127,42.2846595154069,-71.2035352793835,4110.15966322222,118.71921990857325,540.9169140711934,-449.9131741915468,4248.90596353635
303,128,42.2851415003686,-71.2031765054453,4109.51675032397,119.38010305893403,540.9169140711934,-386.90018400961634,4241.38598482683
303,129,42.2856263419185,-71.2028156021755,4110.72586804676,120.04098620929477,540.9169140711934,-297.04619112079604,4236.22127576172
303,130,42.2861138746589,-71.202452689508,4111.61638948131,120.70186935965555,540.9169140711934,-297.0461921054409,4231.25275600329
303,131,42.2866040855057,-71.2020877767983,4111.98473096965,121.3627525100169,540.9169140711934,-232.87157853962051,4226.28612737358
303,132,42.2870971046885,-71.2017207727427,4115.86430611349,122.05297764881826,540.9169140711934,8.079701528646551e-22,4225.3627538532
303,133,42.2875934709676,-71.2013512717098,4118.61261138211,123.00728068358501,540.9169140711934,6.7129638376602305e-53,4225.35075828806
303,134,42.2880937033613,-71.200978885896,4114.48619367474,123.96158371835116,540.9169140711934,5.160606402159043e-84,4225.34073774517
303,135,42.2885978018404,-71.2006036151646,4110.11629255575,124.91588675311793,540.9169140711934,3.6729464455553774e-115,4225.33274039626
303,136,42.2891057663754,-71.2002254593776,4105.49801525811,125.87018978788467,540.9169140711934,2.421652921709958e-146,4225.32681476325
303,137,42.2896175969368,-71.1998444183962,4100.62643132982,126.82449282265142,540.9169140711934,1.4799422630463699e-177,4225.32300975919
303,138,42.2901332934945,-71.1994604920804,4095.49657259284,127.77879585741758,540.9169140711934,8.388060331347667e-209,4225.32137465104
303,139,42.2906528560185,-71.1990736802892,4090.10343318397,128.73309889218433,540.9169140711934,4.411708737830844e-240,4225.32195910439
303,140,42.2911762844786,-71.1986839828805,4084.44196950221,129.68740192695108,540.9169140711934,2.1543765724070137e-271,4225.32481313497
303,141,42.2917028307602,-71.1982919566826,4078.51568481319,130.0000326174605,540.9169140711934,9.864216706235998e-303,4225.32997816056
303,142,42.2922296503852,-71.1978997194038,4072.35435186091,130.0000326174605,540.9169140711934,0.0,4225.3374484852
303,143,42.2927564686197,-71.1975074755878,4065.96099735209,130.0000326174605,540.9169140711934,0.0,4225.34722201899
303,144,42.2932832854635,-71.1971152252345,4059.33561635368,130.0000326174605,540.9169140711934,0.0,4225.35929875821
303,145,42.2938101009164,-71.1967229683437,4052.47820393701,130.0000326174605,540.9169140711934,68.93102283285852,4225.37367870286
303,146,42.2943368768192,-71.1963307370436,4048.00276638458,130.0000326174605,540.9169140711934,170.1597898095555,4228.00382521749
303,147,42.2948636460593,-71.1959385034481,4043.51793161899,130.0000326174605,540.9169140711934,239.08272076435986,4230.85880601779
303,148,42.2953902919901,-71.1955463578681,4045.63235685712,130.0000326174605,540.9169140711934,343.1658337115111,4236.36747576669
303,149,42.2959169236029,-71.1951542157097,4050.51143792771,130.0000326174605,540.9169140711934,343.1658337115111,4242.11048921943
303,150,42.2964435535367,-71.1947620672317,4058.75073436544,130.0000326174605,540.9169140711934,343.1658337115111,4247.85580429435
303,151,42.2969701817911,-71.1943699124342,4067.0118978298,130.0000326174605,540.9169140711934,402.4578466379138,4253.6034209989
303,152,42.297492916196,-71.1939687330445,4076.35945491423,130.0000326174605,543.2961874866861,402.4661353484335,4260.34189260378
303,153,42.2979965694498,-71.1935256862353,4086.08867420012,130.0000326174605,547.3962292456575,402.4661065901187,4267.08777343482
303,154,42.2984751978984,-71.1930348829146,4096.25461495368,130.0000326174605,551.3282707719783,302.90562125949737,4273.84099053964
303,155,42.2989299409244,-71.1925040904259,4105.03445667998,130.0000326174605,554.5152304618925,296.191306615653,4278.84068717062
303,156,42.2993645693063,-71.1919435082416,4114.09101935412,130.0000326174605,557.2237364971751,296.191306615653,4283.83467412367
303,157,42.2997790934204,-71.1913559424842,4123.41280073383,130.0000326174605,559.9230344695701,296.191306615653,4288.83384085819
303,158,42.3001726130934,-71.1907427258081,4132.9896493462,130.0000326174605,562.6221475714987,296.191306615653,4293.83804469556
303,159,42.3005442552294,-71.1901052195557,4142.81079215686,130.0000326174605,565.2043269959082,212.5307604813561,4298.84713482112
303,160,42.3008936262087,-71.189445115458,4151.16610375029,130.0000326174605,568.0164300425362,192.47008736795163,4302.16506222636
303,161,42.3012191559441,-71.188763239657,4159.7121603978,130.0000326174605,570.717556070812,192.44775630130812,4305.45475318283
303,162,42.3015204844582,-71.1880614644282,4168.46494620405,130.0000326174605,573.4156941800638,192.44776787354112,4308.74844381213
303,163,42.3017969512683,-71.1873413533057,4175.81383309539,130.0000326174605,576.1137410883703,192.44776787354112,4312.04631346464
303,164,42.3020479433711,-71.1866045036527,4177.54203003649,130.0000326174605,578.8224229068684,200.06280157481186,4315.34816117585
303,165,42.3022728706511,-71.1858525388741,4179.43989811576,130.0000326174605,581.5100990773387,200.05793591559706,4318.78062231839
303,166,42.302471297586,-71.1850871548907,4181.37674837222,130.0000326174605,584.2744965139123,247.65220457460475,4322.21662399173
303,167,42.3026509112034,-71.1843138797194,4188.34511160722,130.0000326174605,585.2017982798116,624.4528825392844,4330.64887139946
303,168,42.302813232801,-71.1835340599561,4197.4279957488,130.0000326174605,587.7841868568837,646.937136777106,4341.1639190428
303,169,42.3029484376549,-71.1827449832855,4206.91121836657,130.0000326174605,590.4529827617695,646.9235973137447,4352.0564875938
303,170,42.3030559716057,-71.1819482215344,4216.4141529645,130.0000326174605,593.155007365787,646.9235973137447,4362.95179347694
303,171,42.3031354924363,-71.1811455142723,4225.93050434644,130.0000326174605,595.8577070088028,646.9235973137447,4373.84960959107
303,172,42.3031868210624,-71.180338647841,4235.45367517958,130.0000326174605,598.5604202987048,646.9235973137447,4384.7496782802
303,173,42.3032098432217,-71.1795294184052,4244.97685453555,130.0000326174605,601.263133864469,646.9235973137447,4395.65173689276
303,174,42.3032045077052,-71.1787196274058,4252.92289237699,130.0000326174605,603.965847435808,646.9235973137447,4406.55551842228
303,175,42.3031708264301,-71.1779110775342,4259.62123987462,130.0000326174605,606.6685610072615,646.9235973137447,4417.46075207368
303,176,42.3031009477212,-71.1771069158812,4266.42027279755,130.0000326174605,611.49238311132,649.2899525531496,4428.3667748794
303,177,42.3029887636993,-71.1763115418259,4274.34629959318,130.0000326174605,615.013266538804,709.0979380045808,4440.20638199151
303,178,42.3028286251445,-71.1755314203111,4282.68100974362,130.0000326174605,620.374573013223,709.0979380045808,4452.14741877466
303,179,42.3026150715186,-71.1747748737665,4291.44953876178,130.0000326174605,625.7358794909709,709.0979380045808,4464.08580523729
303,180,42.3023499718902,-71.1740485233262,4300.75057143539,130.0000326174605,631.097185968713,709.0979380045808,4476.0204914473
303,181,42.3020356464236,-71.1733587256245,4310.66496283295,130.0000326174605,636.458492446455,709.0979380045808,4487.95046000928
303,182,42.3016748460563,-71.1727115171335,4321.25297616786,130.0000326174605,641.5033119409882,595.3544779186868,4499.87473491579
303,183,42.3012749241107,-71.1721065407109,4328.48990998765,130.0000326174605,646.5060496286496,455.3579685876602,4507.77260643616
303,184,42.3008354676132,-71.1715535661541,4336.23793697041,130.0000326174605,651.8625563095223,455.3579685876602,4515.45513663441
303,185,42.3003596059175,-71.1710582775233,4344.70356887518,130.0000326174605,657.2190629903891,455.3579685876602,4523.12947403267
303,186,42.2998514958884,-71.1706250001061,4354.77321272923,130.0000326174605,662.5755696712617,455.3579685876602,4530.79487708211
303,187,42.2993155759863,-71.1702575172181,4365.92730546794,130.0000326174605,667.9320763521343,455.3579685876602,4538.45068214834
303,188,42.2987565274782,-71.1699590371924,4377.05886357783,130.0000326174605,673.288583033007,455.3579685876602,4546.09630935639
303,189,42.2981792335292,-71.1697321654039,4388.14631340819,130.0000326174605,678.6450897138795,455.3579685876602,4553.73126754165
303,190,42.2975887365362,-71.1695788815694,4399.16994088141,130.0000326174605,684.0015963947521,455.3579685876602,4561.3551585786
303,191,42.296990194073,-71.1695005225214,4410.11168567982,130.0000326174605,689.3581030756247,455.3579685876602,4568.96768077835
303,192,42.2963888338357,-71.1694977706019,4420.95488290505,130.0000326174605,694.7144271006003,455.29216655486545,4576.56863154843
303,193,42.2957899080205,-71.1695706497158,4431.62898937681,130.0000326174605,700.0712884395922,455.2922163637516,4584.15681282431
303,194,42.295198647514,-71.1697185198697,4441.49891254835,130.0000326174605,705.4277940285791,455.2922163637516,4591.73332088813
303,195,42.2946202159463,-71.1699400871754,4451.25387470291,130.0000326174605,710.7842996175604,455.2922163637516,4599.29825745896
303,196,42.2940596647844,-71.1702334147734,4460.89134786625,130.0000326174605,716.1408052065473,455.2922163637516,4606.85182513297
303,197,42.293521889211,-71.1705959393111,4470.40765846851,130.0000326174605,721.1814004471172,341.4694210700278,4614.39432561398
303,198,42.2930098443797,-71.1710211333684,4478.04863887856,130.0000326174605,726.2398575652006,221.49518389707546,4619.92019996047
303,199,42.2925267137443,-71.1715041690039,4483.49512903853,130.0000326174605,731.400929256291,186.45635684180942,4622.95541001484
303,200,42.2920784940331,-71.1720447785933,4488.90984406195,130.0000326174605,736.7536252501014,186.45635684180942,4625.98859078065
303,201,42.2916696683013,-71.172639340425,4494.26590432547,130.0000326174605,742.1063212439174,186.45635684180942,4629.01272993535
303,202,42.2913038012673,-71.173282669322,4499.54173305157,130.0000326174605,747.4590172377334,186.45635684180942,4632.02855423093
303,203,42.2909840830157,-71.1739691551892,4504.71172669158,130.0000326174605,752.4962310938148,72.60364494775095,4635.03686299548
303,204,42.2907084167981,-71.1746895825516,4506.71684310968,130.0000326174605,757.5398895378885,1.027575469132615e-14,4634.98706519231
303,205,42.290482807113,-71.1754408974361,4508.50717628765,130.0000326174605,762.8907097945126,1.027575469132615e-14,4634.87626592815
303,206,42.2903101949326,-71.1762172703003,4510.09966810983,130.0000326174605,768.2415300511311,1.027575469132615e-14,4634.76059415191
303,207,42.2901920841818,-71.1770119366598,4511.45896906955,130.0000326174605,773.5923503077554,1.027575469132615e-14,4634.64105732366
303,208,42.2901295039218,-71.177817972786,4512.54951226987,130.0000326174605,778.6278758230228,-113.84083548690683,4634.51869677752
303,209,42.2901162523059,-71.1786281215139,4509.64906045204,130.0000326174605,783.21650696392,-345.24072182261057,4630.66808556765
303,210,42.2901535236718,-71.1794366689961,4502.95646500001,130.0000326174605,788.3799108532965,-379.4700799488749,4624.17378413677
303,211,42.2902273776385,-71.1802410534335,4496.26452706051,130.0000326174605,790.1179048048467,-346.51524392671126,4619.51894426346
303,212,42.2903354320554,-71.1810379852323,4487.85958495005,130.0000326174605,795.2343718868807,-375.7404276446589,4613.18308570608
303,213,42.2904978747843,-71.1818179739308,4479.38642531044,130.0000326174605,800.5121475382052,-401.4143494477591,4606.80015040562
303,214,42.2907128432281,-71.1825745156057,4470.55909871578,130.0000326174605,805.8204523412866,-408.08844294138237,4599.96699546278
303,215,42.2909717736162,-71.183305840349,4461.85622631141,130.0000326174605,809.1567452357856,-359.98025074963994,4593.05086611956
303,216,42.2912494361679,-71.1840250411707,4456.98388381054,130.0000326174605,810.253570431314,-155.1600756792676,4589.66239112616
303,217,42.2915490666491,-71.1847279746879,4453.13404179558,130.0000326174605,813.9022936255041,-155.1600756792676,4586.96787693724
303,218,42.2918826605279,-71.1854025713316,4449.644151452,130.0000326174605,817.7662777033929,-155.1600756792676,4584.27763227746
303,219,42.2922492615384,-71.1860453459057,4446.55011712671,130.0000326174605,821.633057531731,-155.1600756792676,4581.59215799347
303,220,42.2926472079907,-71.1866533663338,4443.87585051323,130.0000326174605,825.4998718020289,-155.1600756792676,4578.91190821305
303,221,42.2930746886948,-71.1872238643864,4441.63226709269,130.0000326174605,829.3666864963212,-155.1600756792676,4576.23731292039
303,222,42.2935297579157,-71.1877542425418,4438.33191773946,130.0000326174605,833.0571150471922,-243.27257742726223,4573.56877633557
303,223,42.2940098597063,-71.1882427926827,4431.86632026443,130.0000326174605,837.071076625625,-243.23485055236682,4569.43863253668
303,224,42.2945135604507,-71.1886861700835,4425.10601934343,130.0000326174605,840.9383338738303,-243.24475149782467,4565.31537333876
303,225,42.2950383081609,-71.1890828018518,4418.10915158454,130.0000326174605,844.803897329557,-243.24474719697275,4561.19904374704
303,226,42.2955781958423,-71.1894409628204,4410.87921614143,130.0000326174605,846.262052709427,-302.95526962426476,4557.08902881667
303,227,42.2961205792338,-71.1897921040323,4402.44829348869,130.0000326174605,846.3266553599705,-371.8408228304612,4551.98722959682
303,228,42.2966627829285,-71.1901427990508,4390.57678215193,130.0000326174605,846.3289214295476,-544.8440977257259,4543.37648528069
303,229,42.2972049433277,-71.1904934576565,4378.16941081444,130.0000326174605,846.3290216015637,-544.8440977257259,4534.24751842767
303,230,42.2977471032271,-71.1908441221625,4365.74632912138,130.0000326174605,846.3290246782841,-544.8440977257259,4525.12085119262
303,231,42.2982892624812,-71.191194792977,4353.30753349825,130.0000326174605,846.3290247732289,-475.96466436028555,4515.99648354948
303,232,42.2988317622613,-71.1915456975872,4345.56759107356,130.0000326174605,846.3290247732289,-185.51985338523465,4511.59114038944
303,233,42.2993743311772,-71.1918966555002,4339.08344828525,130.0000326174605,846.3290247732289,-185.51985338523465,4508.46008159593
303,234,42.2999168991303,-71.1922476195439,4332.58356777994,130.0000326174605,846.3290247732289,-185.5313003878985,4505.33132589981
303,235,42.3004594661135,-71.1925985897139,4326.06775844185,130.0000326174605,846.3290247732289,-185.53129735456875,4502.20468256623
303,236,42.3010020321336,-71.1929495660148,4319.53621054943,130.0000326174605,846.3290247732289,-185.53129735456875,4499.08034234121
303,237,42.3015445971902,-71.1933005484469,4312.98892366323,130.0000326174605,846.3290247732289,-116.6045767937273,4495.95830520988
303,238,42.3020872123493,-71.1936515741022,4309.24394757353,130.0000326174605,846.3290247732289,3.1301826553273236e-31,4495.65697946027
303,239,42.3026298288425,-71.1940026077713,4305.75698774652,130.0000326174605,846.3290247732289,5.3591740991380256e-67,4495.63173444569
303,240,42.3031724442109,-71.1943536474695,4302.25428538077,130.0000326174605,846.3290247732289,9.282821053836398e-103,4495.60879300162
303,241,42.3037150584543,-71.1947046931971,4298.7358400563,130.0000326174605,846.3290247732289,5.349801618805053e-112,4495.58815511689
303,242,42.3042576715726,-71.1950557449541,4295.65979006063,130.0000326174605,846.3290247732289,5.349801618780751e-112,4495.56982080638
303,243,42.3048002835656,-71.1954068027407,4294.97810902866,130.0000326174605,846.3290247732289,-6.643206758775439e-113,4495.55379006267
303,244,42.3053428944332,-71.1957578665571,4294.51466748765,130.0000326174605,846.3290247732289,-3.095622077107929e-119,4495.54006288573
303,245,42.3058855041752,-71.1961089364033,4297.81756074098,130.0000326174605,846.3290247732289,-3.095622077107916e-119,4495.52863926813
303,246,42.3064248686312,-71.1964688695546,4302.08723161642,130.0000326174605,844.2190837573936,2.85468605640734e-16,4495.5185820125
303,247,42.3069502287632,-71.1968644933772,4306.41599897882,130.0000326174605,841.0020517105096,2.8546860564073535e-16,4495.50701190159
303,248,42.3074581701331,-71.1972994480789,4310.80128351192,130.0000326174605,837.9083222121126,-89.34345871230492,4495.49344901741
303,249,42.3079480798567,-71.1977700166311,4310.20537187017,130.0000326174605,834.537911302172,-349.2883642542894,4490.46893499419
303,250,42.3084161899498,-71.1982792205938,4308.82059547321,130.0000326174605,831.2773762696345,-349.28855746736656,4484.6300435327
303,251,42.3088621464755,-71.1988233248728,4307.43543607868,130.0000326174605,828.0371452030104,-349.29224902556695,4478.78929241002
303,252,42.3092845614929,-71.1994005243343,4306.03392201565,130.0000326174605,824.7972308973866,-349.29224578931957,4472.94668902084
303,253,42.3096820848133,-71.2000089728472,4304.60219988464,130.0000326174605,821.5573279559854,-349.29224578931957,4467.1023615934
303,254,42.3100534452066,-71.2006467251857,4303.1282135295,130.0000326174605,818.3910709388034,-393.17530745221745,4461.2563822642
303,255,42.3103972628197,-71.2013118152943,4300.87063192245,130.0000326174605,814.9772653318889,-393.3279813199998,4454.67797233164
303,256,42.3107113789014,-71.2020030647327,4298.54986582767,130.0000326174605,811.5454568434413,-356.01783767288555,4448.09481927752
303,257,42.3110021628257,-71.2027129445161,4298.57617819954,130.0000326174605,809.7060075184836,-317.69781803231984,4443.92564767599
303,258,42.3112673273185,-71.2034406096173,4297.32197794855,130.0000326174605,806.2609034274135,-321.33337399187764,4438.54702105001
303,259,42.3115000772569,-71.2041881429297,4295.77141032532,130.0000326174605,803.0026324638965,-384.23655315642554,4433.16092489287
303,260,42.3117001199114,-71.204952554383,4285.45957114477,130.0000326174605,799.5285644623596,-384.2155384189306,4426.72551405057
303,261,42.3118653614714,-71.2057319077079,4274.675726708,130.0000326174605,795.9491714231771,-384.2155384189306,4420.2888527289
303,262,42.3119938141171,-71.2065237426777,4263.51858612746,130.0000326174605,792.261205078337,-351.22361373507306,4413.85089591146
303,263,42.3120939711923,-71.2073232383127,4254.0672885738,130.0000326174605,790.1845851383237,-253.3060847826985,4409.37413730845
303,264,42.3121631276259,-71.2081285965295,4244.67082232889,130.0000326174605,786.608086698091,-253.3060847826985,4405.11717396975
303,265,42.3121944653237,-71.208938223755,4235.22022343386,130.0000326174605,782.9184410692783,-220.34414177188785,4400.85927162692
303,266,42.3121929101255,-71.2097490695723,4226.90085695293,130.0000326174605,780.0985262532937,-185.01064824492516,4397.6803640388
303,267,42.3121560090303,-71.2105583430623,4218.81146927025,130.0000326174605,776.4839682501769,-184.93726555660615,4394.55985165015
303,268,42.3120811972992,-71.2113628510574,4211.02517273341,130.0000326174605,772.8549257113536,-184.9373237070068,4391.44002058357
303,269,42.3119687320426,-71.2121593626376,4203.6614813844,130.0000326174605,769.2255445902318,-184.9373237070068,4388.31979600713
303,270,42.3118190635697,-71.2129446813093,4200.45786636418,130.0000326174605,765.5961588019389,-184.9373237070068,4385.19933040068
303,271,42.3116349642718,-71.2137166427429,4200.37254863108,130.0000326174605,762.531514589434,-184.9373237070068,4382.07891444862
303,272,42.3114214172933,-71.2144747177071,4200.58133735635,130.0000326174605,759.5985985199756,-184.9373237070068,4378.9589503482
303,273,42.3111793718641,-71.2152170826178,4201.0944775794,130.0000326174605,756.6680433473539,-184.9373237070068,4375.83956226334
303,274,42.3109094683031,-71.2159417984325,4201.92164222184,130.0000326174605,753.7375315835101,-184.9373237070068,4372.72084815428
303,275,42.3106124129958,-71.2166469690444,4203.06949693195,130.0000326174605,750.8070206181575,-184.9373237070068,4369.6029037945
303,276,42.3102889832436,-71.2173307494969,4204.54146618502,130.0000326174605,747.8765096674955,-184.9373237070068,4366.48582300916
303,277,42.3099400253482,-71.2179913508833,4206.33757206513,130.0000326174605,744.945998717103,-184.9373237070068,4363.36969737709
303,278,42.3095664523954,-71.2186270450321,4208.45430949121,130.0000326174605,742.1459707765893,-270.93941362111354,4360.25461602211
303,279,42.3091700032204,-71.2192367739098,4208.14246334169,130.0000326174605,739.0925865757683,-357.8448331341412,4354.40365210921
303,280,42.3087503402125,-71.2198176170298,4207.99180969395,130.0000326174605,736.1578655838769,-357.8448331341412,4348.40913234279
303,281,42.3083091819834,-71.2203687886806,4208.12933567922,130.0000326174605,733.1621360574878,-313.65710282206146,4342.41590574384
303,282,42.3078520777636,-71.220896213947,4210.54769610177,130.0000326174605,731.4086277454985,-210.66770087634157,4338.64310471714
303,283,42.3073742430625,-71.2213888328013,4211.53960409966,130.0000326174605,726.5790965885216,-208.16945382945124,4335.1057670489
303,284,42.3068759541182,-71.2218437549061,4214.60554668456,130.0000326174605,725.2880798622247,7.125561301174921e-16,4334.32686495408
303,285,42.306361787383,-71.2222649712123,4217.75524091527,130.0000326174605,720.4651544716936,1.4415049200872744e-14,4334.30365878716
303,286,42.3058212182062,-71.2226210616932,4220.46156328753,130.0000326174605,715.1143342150693,1.4415049200872744e-14,4334.28160213679
303,287,42.3052583548783,-71.2229076830583,4222.86506865813,130.0000326174605,709.7635139584509,1.4415049200872744e-14,4334.26086174697
303,288,42.3046781034162,-71.223122338946,4225.13766018328,130.0000326174605,704.4126937018267,1.4415049200872744e-14,4334.24161914736
303,289,42.3040855212594,-71.2232631604282,4226.72574643494,130.0000326174605,699.0618734452025,1.4415049200872744e-14,4334.22404265031
303,290,42.3034857731794,-71.2233289222337,4223.86356563925,130.0000326174605,693.7110531885841,1.4415049200872744e-14,4334.20828584954
303,291,42.3028840862578,-71.2233190533568,4221.4727440668,130.0000326174605,688.3602329319599,1.4415049200872744e-14,4334.19448624551
303,292,42.3022857043268,-71.2232336419596,4219.58053079911,130.0000326174605,683.0094126753357,1.4415049200872744e-14,4334.18276408687
303,293,42.3016958422684,-71.2230734345287,4218.20968782612,130.0000326174605,677.6585924187116,1.4415049200872744e-14,4334.17322127894
303,294,42.3011196405709,-71.2228398292965,4217.37807359961,130.0000326174605,672.3077721620931,1.4415049200872744e-14,4334.16594054177
303,295,42.3005621205398,-71.2225348639858,4217.09828179363,130.0000326174605,666.9569519054689,1.4415049200872744e-14,4334.16098468006
303,296,42.3000281405499,-71.2221611979884,4217.37734564833,130.0000326174605,661.6061316488447,1.4415049200872744e-14,4334.15839605406
303,297,42.2995223537234,-71.2217220891342,4218.21651694103,130.0000326174605,656.2553113922262,1.4415049200872744e-14,4334.15819625929
303,298,42.2990491673988,-71.2212213652553,4219.61112701712,130.0000326174605,650.904491135602,1.4415049200872744e-14,4334.16038597375
303,299,42.2986127047452,-71.2206633907943,4220.18993080841,130.0000326174605,645.5536708789779,1.4415049200872744e-14,4334.16494495049
303,300,42.2982167688543,-71.2200530287503,4217.96061760734,130.0000326174605,640.2028506223594,1.4415049200872744e-14,4334.171832297
303,301,42.2978648096228,-71.2193955982915,4216.14122685265,130.0000326174605,634.8520303657352,1.4415049200872744e-14,4334.18098680675
303,302,42.2975598937134,-71.2186968284085,4214.71919634603,130.0000326174605,629.5012101091111,1.4415049200872744e-14,4334.19232757762
303,303,42.297304677854,-71.2179628080077,4213.66314368493,130.0000326174605,624.1503898524869,1.4415049200872744e-14,4334.20575474948
303,304,42.2971013857071,-71.2171999328818,4212.92466250641,130.0000326174605,618.7995695958684,1.4415049200872744e-14,4334.22115037963
303,305,42.2969517885119,-71.2164148500164,4212.44074808947,130.0000326174605,613.4487493392442,1.4415049200872744e-14,4334.23837956041
303,306,42.2968571896647,-71.2156143997178,4212.13676128567,130.0000326174605,608.09792908262,1.4415049200872744e-14,4334.25729155168
303,307,42.2968184133723,-71.2148055560639,4211.92982124368,130.0000326174605,602.7402765097629,2.466918015835542,4334.27772117034
303,308,42.296815754448,-71.2139948418365,4214.64859790967,130.0000326174605,601.3543528293939,225.55970769414668,4337.20398052037
303,309,42.2968437138804,-71.2131852668757,4218.1931035533,130.0000326174605,596.4782856884716,225.55970769414668,4340.98716776818
303,310,42.2969266597473,-71.2123825977348,4221.45554230007,130.0000326174605,591.1251167889908,225.55970769414668,4344.7714711763
303,311,42.2970648324034,-71.2115938500721,4223.64104016901,130.0000326174605,585.7719478895158,225.55970769414668,4348.55665573478
303,312,42.2972570269104,-71.2108259021323,4225.73520275409,130.0000326174605,580.4187789900351,225.55970769414668,4352.34249643236
303,313,42.297501567229,-71.2100854509361,4227.73720410371,130.0000326174605,575.0656100905601,225.55970769414668,4356.12876271084
303,314,42.297796320822,-71.2093789539221,4229.64945814783,130.0000326174605,569.7125255017748,225.52928824556645,4359.91522048786
303,315,42.2981387177926,-71.2087125731616,4231.47753995098,130.0000326174605,564.3591926919851,225.529292348046,4363.70112715289
303,316,42.2985257717102,-71.2080921203825,4233.23200362356,130.0000326174605,559.0060241710707,225.529292348046,4367.48675451055
303,317,42.2989541069554,-71.2075230072287,4234.92700952076,130.0000326174605,553.6528556501564,225.529292348046,4371.27186990157
303,318,42.2994199879752,-71.207010198037,4236.58082371579,130.0000326174605,548.2996871292421,225.529292348046,4375.05624514073
303,319,42.2999193516944,-71.2065581664082,4238.2156497468,130.0000326174605,542.9397764222431,227.96188157233,4378.83965848014
303,320,42.3004373781222,-71.2061463339658,4244.00649952091,130.0000326174605,542.0776257932993,527.8756667652493,4386.79984661564
303,321,42.3009656597526,-71.2057588812606,4248.74123401263,130.0000326174605,537.8889056555612,396.30379978832894,4393.7342498526
303,322,42.3015172727929,-71.2054359428875,4253.20638262609,130.0000326174605,532.5333940294005,396.28722019002936,4400.36383318529
303,323,42.3020888528417,-71.2051837654057,4257.74098315069,130.0000326174605,527.1777470371077,396.2872231194024,4406.99154132605
303,324,42.3026754099254,-71.2050045518902,4262.37893551542,130.0000326174605,521.8221896676788,396.2872231194024,4413.6174511686
303,325,42.303271823293,-71.2048998687966,4267.15481154891,130.0000326174605,516.4666322982499,396.2872231194024,4420.24137879536
303,326,42.3038728860392,-71.2048706321364,4272.10322334462,130.0000326174605,511.1110324830162,396.302521431508,4426.8631574139
303,327,42.3044733505262,-71.2049170988379,4278.65493595672,130.0000326174605,505.7555575726745,396.30251931946896,4433.48289372027
303,328,42.3050679742319,-71.2050388656667,4286.61615587524,130.0000326174605,500.39999996561545,396.30251931946896,4440.10020432249
303,329,42.3056515654469,-71.2052348716658,4294.47227918195,130.0000326174605,495.0444423585557,396.30251931946896,4446.7149817571
303,330,42.3062190286513,-71.2055034074493,4302.07615890329,130.0000326174605,489.68888475149606,396.30251931946896,4453.32714047655
303,331,42.3067654090137,-71.2058421301775,4309.29868002559,130.0000326174605,484.32665138680744,398.70858821799106,4459.93661761284
303,332,42.3072900200045,-71.2062384789071,4316.81122240913,130.0000326174605,480.08583529888,447.1839588308568,4467.31135020405
303,333,42.3077867332061,-71.206695211588,4323.85033761887,130.0000326174605,474.72946375466864,447.1839588308568,4474.7644319497
303,334,42.3082496278319,-71.2072124257764,4330.2801999138,130.0000326174605,469.6716335825553,339.61299539643954,4482.21477334201
303,335,42.3086770311345,-71.2077826914343,4334.26660545072,130.0000326174605,464.3351257203045,342.05854591105873,4487.84412038326
303,336,42.3090686169107,-71.2083978973259,4338.38021472101,130.0000326174605,460.1077502086105,319.26400186445983,4494.20801762119
303,337,42.3094197588416,-71.2090559471506,4340.84307217108,130.0000326174605,454.7916747556185,314.3555549532363,4499.4937986806
303,338,42.3097239516201,-71.2097551450166,4342.73961179833,130.0000326174605,449.42377590279074,314.3165168473705,4504.71722410619
303,339,42.309978388502,-71.2104895385025,4344.23731445861,130.0000326174605,444.09323173623756,305.65515820706025,4509.94146319851
303,340,42.3101810478806,-71.2112526414833,4345.30373901751,130.0000326174605,438.74508089072464,305.7659745309814,4515.00319843367
303,341,42.3103300712952,-71.2120378548932,4346.27093897251,129.95668760195264,433.3911547590337,305.7659405397435,4520.08046370372
303,342,42.3104238904517,-71.2128369092376,4349.68983344673,129.52323744687632,428.0344625371174,305.765940300356,4525.15575576574
303,343,42.3104617641705,-71.2136415793402,4356.70893558723,129.0897872917994,422.6702701419685,305.76594006999994,4530.22928661108
303,344,42.3104436572706,-71.2144447907975,4364.11528280114,128.6563371367231,417.29853674749404,305.76593983731385,4535.30125218257
303,345,42.3103700262447,-71.2152394997252,4371.93697213416,128.22288698164675,411.9192215813895,305.7659396022639,4540.37186194211
303,346,42.3102418153904,-71.2160187548434,4380.1963520906,127.83278184207772,406.5325727956402,305.765974541215,4545.44133703783
303,347,42.3100601021889,-71.2167771711381,4388.91506078058,127.83278184207772,401.1404415180951,305.765974541215,4550.50985912979
303,348,42.3098262896043,-71.2175092201874,4398.10649607892,127.83278184207772,395.7483098180572,305.765974541215,4555.57762943581
303,349,42.3095424475079,-71.21820842177,4407.76883953731,127.83278184207772,390.3561781180194,305.765974541215,4560.6448995173
303,350,42.3092110886331,-71.2188685866867,4417.88869036266,127.83278184207772,385.2320361038345,209.79135081211587,4565.71192549169
303,351,42.3088372788433,-71.2194863876841,4426.80348808567,127.87036844609116,379.86633037414765,209.79885960630645,4569.15368965268
303,352,42.3084215092599,-71.2200552305513,4436.14858642113,128.24623448622674,374.4784034341232,209.79885971781857,4572.621600952
303,353,42.3079666156217,-71.2205704969705,4445.85762337787,128.58451392234892,369.0903457704506,212.16578131998784,4576.08995218575
303,354,42.3074881045428,-71.2210472107207,4457.57794060051,128.58451392234892,367.29602709958465,403.66498797144476,4582.13758030161
303,355,42.3069895920807,-71.2214845693941,4468.56328214381,128.58451392234892,362.14793102051016,403.66498797144476,4588.83964479342
303,356,42.3064630148386,-71.2218574438048,4479.07052814379,128.58451392234892,356.7609483678785,406.0447246305113,4595.54279864207
303,357,42.3059214381453,-71.2221882515478,4492.97779631598,128.58451392234892,355.9174591817683,745.057978965185,4606.15455046296
303,358,42.3053715604566,-71.2224918856485,4508.1573331221,128.58451392234892,351.6103389059349,745.057978965185,4618.55114460737
303,359,42.3048038943186,-71.2227284059626,4523.15842410816,128.58451392234892,346.2234241789516,745.057978965185,4630.94926159829
303,360,42.304222253109,-71.222892083777,4538.18616023448,128.58451392234892,341.15169155221,632.3624093426123,4643.34902625531
303,361,42.3036320087926,-71.222989830936,4544.71371921067,128.58451392234892,336.19151173717296,524.0708554686566,4652.32089378685
303,362,42.3030375991975,-71.223014539173,4550.85826500331,128.58451392234892,330.8200853141078,524.0709900727588,4661.02315473929
303,363,42.3024440876453,-71.222964201255,4557.50411081307,128.58451392234892,325.4376691627572,524.0709900727588,4669.74563517794
303,364,42.3018566984482,-71.2228390893217,4564.65882414994,128.58451392234892,320.05525301140705,524.0709900727588,4678.47027697414
303,365,42.3012806111802,-71.2226403087625,4572.34232839582,128.58451392234892,314.6662498205137,526.4315471310065,4687.1971668601
303,366,42.3007202738876,-71.2223720827698,4580.88768388534,128.58451392234892,309.5217645119702,546.2591768758557,4696.26312448084
303,367,42.3001809085075,-71.2220348159267,4590.01437459323,128.58451392234892,304.1389379489903,546.2591768758557,4705.36448697746
303,368,42.2996674080138,-71.2216308843597,4599.69762921971,128.58451392234892,298.7561113860109,546.2591768758557,4714.46823298931
303,369,42.2991843006364,-71.2211638517673,4609.93543316902,128.58451392234892,293.3667062869233,548.6161758075633,4723.57436658069
303,370,42.2987231166397,-71.2206585181534,4621.75325358577,128.58451392234892,291.97014429066513,745.2682806530177,4735.31338087842
303,371,42.2982820366,-71.2201221612291,4631.83777130472,128.58451392234892,287.0513164090914,745.2682806530177,4747.74096107855
303,372,42.2978796250445,-71.2195332743234,4642.30745770454,128.58451392234892,281.6643969647397,745.2682806530177,4760.17084303498
303,373,42.2975200305995,-71.2188961074817,4653.17307052148,128.58451392234892,276.277477520388,745.2682806530177,4772.60295019299
303,374,42.2972064288012,-71.2182162884276,4664.42471604927,128.58451392234892,270.8905580760358,745.2682806530177,4785.03718454763
303,375,42.2969415889742,-71.2174998212606,4676.03360080211,128.58451392234892,265.5036386316841,745.2682806530177,4797.47342937067
303,376,42.2967278497944,-71.2167530334541,4687.95366532731,128.58451392234892,260.11671918733185,745.2682806530177,4809.91155029088
303,377,42.2965670986536,-71.2159825200078,4700.12386765376,128.58451392234892,255.0449824208809,632.5728042400709,4822.35139651969
303,378,42.2964545596951,-71.2151959693727,4709.02845964001,128.58451392234892,250.06137527322204,532.7738876456594,4831.35150380433
303,379,42.29639607539,-71.2143988522407,4717.93476314701,128.6344538696124,244.67937668906006,532.7738072142253,4840.25285998359
303,380,42.2963933670647,-71.2135961471715,4726.85693767203,129.13385334224793,239.29063645060245,535.1705356804835,4849.15547993407
303,381,42.2964466381346,-71.2127935240383,4735.75334177992,129.63325281488346,233.93447358134725,535.6758629166127,4858.10674430802
303,382,42.2965558181369,-71.2119981368073,4743.68862977836,130.0000326174605,228.56926421362706,535.4702398403965,4867.05920422822
303,383,42.296719869179,-71.2112190384879,4751.04404115311,130.0000326174605,223.2113686536016,535.4702398299522,4876.00945344567
303,384,42.296937207665,-71.2104639736458,4758.30575122826,130.0000326174605,217.85347326864394,535.4702398299522,4884.96009930968
303,385,42.2972059349024,-71.2097395386782,4765.47405133243,130.0000326174605,212.49616490128074,535.2589176553929,4893.91091417149
303,386,42.2975237073522,-71.2090520655161,4772.54918994003,130.0000326174605,207.13713007661926,535.2590821742891,4902.85814930499
303,387,42.2978877455486,-71.2084075590741,4779.54231304689,130.0000326174605,201.77895831233235,535.3599498369185,4911.80509635434
303,388,42.2982948663566,-71.2078116480054,4786.46680523544,130.0000326174605,196.421610562098,535.3598903400913,4920.75320968404
303,389,42.2987415144443,-71.2072695404469,4793.33684657277,130.0000326174605,191.0637171702577,535.3598903400913,4929.70058771223
303,390,42.2992237880508,-71.2067859741948,4800.17237400718,130.0000326174605,185.7058237784174,535.3598903400913,4938.64701572061
303,391,42.2997374736462,-71.2063651753862,4806.99715609462,130.0000326174605,180.3473891729196,535.5547235051142,4947.59228719026
303,392,42.3002780810142,-71.2060108170778,4813.84163391608,130.0000326174605,174.99054633863048,535.5546794586892,4956.53945244849
303,393,42.3008408888236,-71.2057260004063,4820.73264665635,130.0000326174605,169.62602671764012,537.9387968866732,4965.48507989943
303,394,42.3014158038779,-71.2054893581551,4829.6837574186,130.0000326174605,167.72512644810186,681.6265559350572,4976.45344166085
303,395,42.3020001628444,-71.2053006675201,4839.10018359548,130.0000326174605,162.86124278201893,567.8721232337152,4987.83283087984
303,396,42.3025941627458,-71.2051726784744,4843.18617663828,130.0000326174605,158.4853109091457,326.28674586309006,4993.78456144035
303,397,42.3031941593268,-71.205114926049,4846.92115423392,130.0000326174605,153.1307650498889,326.29813103946105,4999.2387227416
303,398,42.3037955382932,-71.2051328513868,4850.8452611856,130.0000326174605,147.77631211615363,326.2981280668519,5004.6908910051
303,399,42.3043930512334,-71.2052263004281,4855.9325878395,130.0000326174605,142.42179766776556,326.2981280668519,5010.14075544104
303,400,42.3049814833012,-71.2053944597802,4862.60279600726,130.0000326174605,137.0673458329536,326.2755499000987,5015.58821487799
303,401,42.3055556986355,-71.2056358644611,4869.11557198392,130.0000326174605,131.7127097173278,326.27555735723035,5021.0328126736
303,402,42.3061106854896,-71.2059484089198,4875.33500528408,130.0000326174605,126.35819559096494,326.27555735723035,5026.47486617789
303,403,42.3066415998129,-71.2063293668231,4881.14588288223,130.0000326174605,121.00368146460205,326.27555735723035,5031.91433852538
303,404,42.3071438075184,-71.2067754146323,4886.45884746327,130.0000326174605,115.64916733823972,326.27555735723035,5037.35121523589
303,405,42.3076129249816,-71.2072826604,4891.21417821668,130.0000326174605,110.29465321187685,326.27555735723035,5042.78550438955
303,406,42.3080448573225,-71.2078466777069,4895.38443221426,130.0000326174605,105.25582058785024,212.43146634186036,5048.21723656356
303,407,42.3084392476122,-71.2084588528985,4896.47080376334,130.0000326174605,100.09805117195366,176.25068209694183,5051.14092891291
303,408,42.3087903240366,-71.2091171255001,4897.01966913898,130.0000326174605,94.74547406156822,176.25068209694183,5054.06775927916
303,409,42.309094286208,-71.2098166567567,4897.0950755726,130.0000326174605,89.39289695118276,176.25068209694183,5056.99224441871
303,410,42.3093484826013,-71.2105513450235,4896.79752552265,130.0000326174605,84.03355819794196,178.69084054676577,5059.91449689493
303,411,42.3095689101223,-71.2113056602084,4898.80392162694,130.0000326174605,82.46020931645428,372.98793271924706,5065.45080513507
303,412,42.3097582746138,-71.2120748228367,4901.23650727537,130.0000326174605,77.4579562451734,372.98793271924706,5071.65117227286
303,413,42.3098941314246,-71.2128642228714,4906.07749086114,130.0000326174605,72.41851528993261,259.15007249654815,5077.84965670481
303,414,42.3099800262499,-71.2136665348334,4911.03229464555,130.0000326174605,67.45273052191787,157.7293346262555,5081.04767013714
303,415,42.3100120908264,-71.2144760018314,4915.74039673241,130.0000326174605,62.124425984846376,157.74217723452716,5083.62992405891
303,416,42.3099881617075,-71.2152859712442,4920.88854704304,130.0000326174605,56.765290696804286,160.18516881588778,5086.23667018488
303,417,42.3099266274235,-71.2160924199562,4928.91637151963,130.0000326174605,54.887810353042795,350.8769682964209,5091.4159973003
303,418,42.3098288846508,-71.2168920436742,4937.91020531156,130.0000326174605,49.726676348107624,350.80339575711645,5097.24160851166
303,419,42.3096764501882,-71.2176759671748,4947.38661800145,130.0000326174605,44.37145108926984,350.7883743405831,5103.06501666456
303,420,42.3094703737086,-71.2184372984034,4957.36182803041,130.0000326174605,39.01650040193897,350.7883838688914,5108.88738306984
303,421,42.3092124551195,-71.219169390683,4967.83939362398,130.0000326174605,33.97735277092632,236.94735317224848,5114.70916981995
303,422,42.3089132195094,-71.2198727816533,4973.39081926603,130.0000326174605,29.58378242620657,-1.141985770443701e-14,5115.16538156942
303,423,42.3085696202385,-71.2205382632291,4978.92189394959,130.0000326174605,24.23296216958381,6.8501330565699486e-15,5115.14074048772
303,424,42.3081814515001,-71.221157668926,4984.15467859922,130.0000326174605,18.882141912961,6.8501330565699486e-15,5115.1161188893
303,425,42.3077520970605,-71.2217256001083,4988.36362772496,130.0000326174605,13.531321656338244,6.8501330565699486e-15,5115.09173250198
303,426,42.3072852996407,-71.2222371071537,4991.93951676159,130.0000326174605,8.180501399715489,6.8501330565699486e-15,5115.06779505685
303,427,42.3067851282702,-71.2226877325899,4994.90356262028,130.0000326174605,2.829681143092705,6.8501330565699486e-15,5115.04451632127
303,428,42.3062559427973,-71.2230735499264,4997.32815374521,130.0000326174605,-2.521139113530068,6.8501330565699486e-15,5115.02210026607
303,429,42.3057023558667,-71.223391197847,4999.33279930122,130.0000326174605,-7.871959370152834,6.8501330565699486e-15,5115.00074324012
303,430,42.3051291926962,-71.2236379094629,5001.07819210079,130.0000326174605,-13.222779626775589,6.8501330565699486e-15,5114.98063223064
303,431,42.3045414490037,-71.2238115363751,5002.75860752627,130.0000326174605,-18.5735998833984,6.8501330565699486e-15,5114.96194318682
303,432,42.3039442474525,-71.2239105673376,5002.78917294604,130.0000326174605,-23.92442014002116,6.8501330565699486e-15,5114.94483948871
303,433,42.3033427929944,-71.2239341413595,5000.16901753792,130.0000326174605,-29.275240396643973,6.8501330565699486e-15,5114.92947047949
303,434,42.3027423275009,-71.2238820551367,4998.0351219251,130.0000326174605,-34.62606065326672,6.8501330565699486e-15,5114.91597017646
303,435,42.3021480840767,-71.2237547647484,4996.41244391436,130.0000326174605,-39.97688090988954,6.8501330565699486e-15,5114.90445609391
303,436,42.3015652414563,-71.2235533816087,4995.32122149822,130.0000326174605,-45.3277011665123,6.8501330565699486e-15,5114.89502820373
303,437,42.300998878878,-71.2232796627085,4994.77658449721,130.0000326174605,-50.6785214231351,6.8501330565699486e-15,5114.8877681084
303,438,42.3004539318303,-71.222935995238,4994.78822726172,130.0000326174605,-56.02934167975786,6.8501330565699486e-15,5114.88273832947
303,439,42.2999351490558,-71.2225253757231,4995.36015215751,130.0000326174605,-61.38016193638062,6.8501330565699486e-15,5114.87998179719
303,440,42.2994470511852,-71.2220513838626,4996.49049201657,130.0000326174605,-66.73098219300367,6.8501330565699486e-15,5114.8795215115
303,441,42.2989938913635,-71.2215181512938,4998.17141804495,130.0000326174605,-72.08180244962612,6.8501330565699486e-15,5114.88136036322
303,442,42.2985796182086,-71.2209303255605,5000.3891377841,130.0000326174605,-77.43262270624916,6.8501330565699486e-15,5114.88548114896
303,443,42.2982078414249,-71.2202930295983,4998.93253479214,130.0000326174605,-82.78344296287163,6.8501330565699486e-15,5114.89184677973
303,444,42.2978818003723,-71.2196118170912,4997.11920363543,130.0000326174605,-88.13426321949468,6.8501330565699486e-15,5114.90040063858
303,445,42.29760433586,-71.2188926240875,4995.70236734946,130.0000326174605,-93.48508347611715,6.8501330565699486e-15,5114.91106709465
303,446,42.2973778654138,-71.2181417172962,4994.64265954462,130.0000326174605,-98.83590373274019,6.8501330565699486e-15,5114.92375222221
303,447,42.2972043622289,-71.2173656395145,4993.8848311452,130.0000326174605,-104.18672398936266,6.8501330565699486e-15,5114.9383446537
303,448,42.2970786702138,-71.2165728583005,4993.3538266684,130.0000326174605,-107.84559692960417,6.8501330565699486e-15,5114.95478940755
303,449,42.2969877089308,-71.215771486286,4992.97402500886,130.0000326174605,-111.09886919386255,-2.2848623239335234e-15,5114.97314428538
303,450,42.2969306054056,-71.2149644596157,4992.69263136286,130.0000326174605,-114.34610595232114,-2.2848623239335234e-15,5114.99336166307
303,451,42.2969075246861,-71.214154372547,4992.4567458955,130.0000326174605,-117.5932442059298,-6.852360014185272e-15,5115.01537668705
303,452,42.2969257539163,-71.2133442195798,4992.2051780232,130.0000326174605,-122.63376309342829,6.850133056569962e-15,5115.03898396716
303,453,42.2969994528779,-71.2125398223695,4991.85131972616,130.0000326174605,-127.98458335005132,6.850133056569962e-15,5115.06376781687
303,454,42.2971285143695,-71.2117481850177,4990.33680091334,130.0000326174605,-133.33540360667436,6.850133056569962e-15,5115.08950350806
303,455,42.2973118139191,-71.2109762048868,4988.67758824714,130.0000326174605,-138.68622386329685,6.850133056569962e-15,5115.11596725136
303,456,42.2975477544836,-71.2102306082229,4986.92669421649,130.0000326174605,-144.03704411991987,6.850133056569962e-15,5115.1429290995
303,457,42.2978342803521,-71.2095178915958,4985.08602429979,130.0000326174605,-149.38786437654235,6.850133056569962e-15,5115.17015490681
303,458,42.2981688950417,-71.2088442653317,4983.16108137007,130.0000326174605,-154.7386846331654,6.850133056569962e-15,5115.19740839675
303,459,42.2985486830324,-71.2082155994298,4981.1612842653,130.0000326174605,-160.08950488978786,6.850133056569962e-15,5115.22445313632
303,460,42.2989703351507,-71.207637372432,4979.10014169378,130.0000326174605,-165.4403251464109,6.850133056569962e-15,5115.25105457008
303,461,42.2994301773834,-71.2071146236916,4976.9952709987,130.0000326174605,-170.79114540303337,6.850133056569962e-15,5115.27698204666
303,462,42.2999242028697,-71.2066519094551,4974.8682568044,130.0000326174605,-176.1419656596564,6.850133056569962e-15,5115.30201076344
303,463,42.3004481067952,-71.2062532631414,4972.74435041713,130.0000326174605,-181.49278591627947,6.850133056569962e-15,5115.32592369244
303,464,42.3009973238838,-71.2059221601629,4970.65201646608,130.0000326174605,-186.8436061729019,6.850133056569962e-15,5115.34851344302
303,465,42.301567068161,-71.2056614875982,4968.62233879922,130.0000326174605,-192.19442642952495,6.850133056569962e-15,5115.36958401278
303,466,42.3021523746451,-71.2054735189807,4966.68830290103,130.0000326174605,-197.54524668614744,6.850133056569962e-15,5115.38895248622
303,467,42.3027481426012,-71.2053598944244,4964.8839765375,130.0000326174605,-202.89606694277046,6.850133056569962e-15,5115.40645059943
303,468,42.3033491799827,-71.2053216062637,4963.24361427499,130.0000326174605,-208.24688719939294,6.850133056569962e-15,5115.42192617804
303,469,42.3039502486742,-71.2053589903326,4961.80071449666,130.0000326174605,-213.597707456016,6.850133056569962e-15,5115.43524444848
303,470,42.3045461101398,-71.2054717229634,4962.04681329043,130.0000326174605,-218.94852771263845,6.850133056569962e-15,5115.44628924131
303,471,42.3051315710812,-71.205658823733,4963.11356011892,130.0000326174605,-224.2993479692615,6.850133056569962e-15,5115.45496397093
303,472,42.305701528706,-71.2059186639355,4963.99012132931,130.0000326174605,-229.650168225884,6.850133056569962e-15,5115.4611925073
303,473,42.3062510152117,-71.2062489807098,4964.54628382357,130.0000326174605,-235.000988482507,6.850133056569962e-15,5115.46491984278
303,474,42.3067752410989,-71.2066468967016,4964.67415257875,130.0000326174605,-240.03651399777212,-113.84083548690683,5115.46611262113
303,475,42.3072737470111,-71.2071006909176,4959.99262107186,130.0000326174605,-244.39891789850657,-385.12840547056953,5111.16075621918
303,476,42.3077423387332,-71.2076086455262,4952.55434226953,130.0000326174605,-249.77298444626442,-387.45474882194816,5104.64950628951
303,477,42.3081888442961,-71.2081523408885,4948.81144903803,130.0000326174605,-250.5668426958605,-4.2987544014958773e-16,5102.39986263588
303,478,42.3086205668571,-71.2087171657837,4946.75143909016,130.0000326174605,-254.81852483165275,8.7051199403539e-15,5102.39691506699
303,479,42.3090135964377,-71.2093309875522,4944.11976553142,130.0000326174605,-260.16934508827524,8.7051199403539e-15,5102.39173703641
303,480,42.3093624222384,-71.2099915206219,4940.95988201479,130.0000326174605,-265.5201653448977,8.7051199403539e-15,5102.38410816342
303,481,42.3096640034089,-71.210693007577,4937.3499095679,130.0000326174605,-270.8709856015202,8.7051199403539e-15,5102.37409380823
303,482,42.3099157109085,-71.2114293337131,4933.39808546528,130.0000326174605,-276.2218058581426,8.7051199403539e-15,5102.36178023741
303,483,42.310115350443,-71.2121940803649,4929.2391492306,130.0000326174605,-281.5726261147651,8.7051199403539e-15,5102.34727385268
303,484,42.3102611816093,-71.2129805808958,4928.37888138594,130.0000326174605,-286.92344637138814,8.7051199403539e-15,5102.33070036396
303,485,42.3103519330805,-71.2137819788576,4929.96469348145,130.0000326174605,-292.2742666280106,8.7051199403539e-15,5102.31220363826
303,486,42.3103868136993,-71.2145912878119,4931.93359135734,130.0000326174605,-297.6250868846331,8.7051199403539e-15,5102.29194453731
303,487,42.3103655193806,-71.2154014522907,4934.31949688029,130.0000326174605,-302.97590714125556,8.7051199403539e-15,5102.27009949088
303,488,42.3102882357654,-71.2162054093606,4937.15291354259,130.0000326174605,-308.326727397878,8.7051199403539e-15,5102.24685895815
303,489,42.310155636601,-71.2169961502531,4940.45887560062,130.0000326174605,-313.6775476545005,8.7051199403539e-15,5102.22242579609
303,490,42.3099688778617,-71.21776678152,4944.25499943885,130.0000326174605,-319.0283679111229,8.7051199403539e-15,5102.1970134452
303,491,42.3097295876626,-71.2185105851792,4948.54971451604,130.0000326174605,-324.37918816774544,8.7051199403539e-15,5102.17084408179
303,492,42.3094398520541,-71.2192210773243,4953.34074543613,130.0000326174605,-329.7300084243679,8.7051199403539e-15,5102.14414663985
303,493,42.3091021968211,-71.2198920646845,4958.61390871303,130.0000326174605,-335.0808286809904,8.7051199403539e-15,5102.1171547845
303,494,42.3087195654471,-71.2205176986407,4964.34227727506,130.0000326174605,-340.43164893761343,8.7051199403539e-15,5102.09010485187
303,495,42.3082952934355,-71.2210925262253,4969.9531735251,130.0000326174605,-345.7824691942359,8.7051199403539e-15,5102.0632337518
303,496,42.3078330792128,-71.2216115376609,4974.57635796722,130.0000326174605,-351.13328945085834,8.7051199403539e-15,5102.03677685186
303,497,42.3073369518683,-71.2220702100215,4978.56274737986,130.0000326174605,-356.4841097074808,8.7051199403539e-15,5102.01096588746
303,498,42.3068112360127,-71.222464546638,4981.97009780611,130.0000326174605,-361.8349299641033,8.7051199403539e-15,5101.98602691293
303,499,42.3062605140625,-71.2227911119028,4984.90415615067,130.0000326174605,-367.18575022072577,8.7051199403539e-15,5101.96217827499
303,500,42.3056895862791,-71.2230470611728,4987.51302384041,130.0000326174605,-372.5365704773482,8.7051199403539e-15,5101.93962869421
303,501,42.305103428914,-71.2232301655102,4989.97982168069,130.0000326174605,-377.88739073397073,8.7051199403539e-15,5101.91857540607
303,502,42.3045071508223,-71.2233388310486,4992.51393036934,130.0000326174605,-383.23821099059313,8.7051199403539e-15,5101.89920241013
303,503,42.303905948926,-71.2233721128164,4992.96813468583,130.0000326174605,-388.58903124721616,8.7051199403539e-15,5101.88167885318
303,504,42.3033050629142,-71.2233297229003,4990.78359739497,130.0000326174605,-393.93985150383867,8.7051199403539e-15,5101.86615756899
303,505,42.3027097295756,-71.2232120328801,4989.10562335155,130.0000326174605,-399.2906717604611,8.7051199403539e-15,5101.85277369991
303,506,42.3021251371615,-71.2230200705156,4987.95497863968,130.0000326174605,-404.64149201708364,8.7051199403539e-15,5101.84164355323
303,507,42.3015563801767,-71.2227555107178,4987.3473835316,130.0000326174605,-409.9923122737061,8.7051199403539e-15,5101.83286358044
303,508,42.3010084149926,-71.2224206608852,4987.29317756394,130.0000326174605,-415.34313253032855,8.7051199403539e-15,5101.82650958374
303,509,42.3004860166676,-71.2220184407351,4987.79705399223,130.0000326174605,-420.693952786951,8.7051199403539e-15,5101.82263603806
303,510,42.2999937373525,-71.2215523568087,4988.85787220634,130.0000326174605,-426.04477304357346,8.7051199403539e-15,5101.82127570733
303,511,42.2995358666408,-71.2210264718723,4990.46855460196,130.0000326174605,-431.39559330019597,8.7051199403539e-15,5101.82243932039
303,512,42.2991163942095,-71.2204453694843,4989.38992214143,130.0000326174605,-436.7464135568184,8.7051199403539e-15,5101.82611557841
303,513,42.2987389750756,-71.2198141140364,4987.04237672601,130.0000326174605,-442.09723381344145,8.7051199403539e-15,5101.83227125928
303,514,42.298406897769,-71.2191382066181,4985.08300500477,130.0000326174605,-447.44805407006396,8.7051199403539e-15,5101.84085155651
303,515,42.2981230556987,-71.2184235370897,4983.49371178322,130.0000326174605,-452.7988743266864,8.7051199403539e-15,5101.8517806232
303,516,42.2978899219619,-71.2176763327796,4982.23841199931,130.0000326174605,-458.1496945833089,8.7051199403539e-15,5101.86496220902
303,517,42.2977095278127,-71.2169031042535,4981.2650821952,130.0000326174605,-463.5005148399314,8.7051199403539e-15,5101.880280599
303,518,42.2975834449789,-71.2161105886251,4980.5084036406,130.0000326174605,-468.8513350965538,8.7051199403539e-15,5101.89760161564
303,519,42.2975127719801,-71.2153056909023,4979.89289807835,130.0000326174605,-474.20215535317624,8.7051199403539e-15,5101.91677381843
303,520,42.2974981245645,-71.2144954238762,4979.33643948895,130.0000326174605,-479.55297560979875,8.7051199403539e-15,5101.93762983382
303,521,42.2975396303494,-71.2136868470762,4978.75401211318,130.0000326174605,-484.9037958664212,8.7051199403539e-15,5101.959987849
303,522,42.2976369277101,-71.2128870053185,4978.06157615428,130.0000326174605,-490.25461612304423,8.7051199403539e-15,5101.98365316913
303,523,42.2977891689278,-71.2121028673833,4976.80179399304,130.0000326174605,-495.60543637966674,8.7051199403539e-15,5102.00841991231
303,524,42.297995027569,-71.2113412653513,4975.05895868813,130.0000326174605,-500.9562566362892,8.7051199403539e-15,5102.03407282382
303,525,42.2982527100321,-71.2106088351249,4973.23257004369,130.0000326174605,-506.3070768929117,8.7051199403539e-15,5102.0603890717
303,526,42.2985599711617,-71.209911958653,4971.32633441806,130.0000326174605,-511.65789714953416,8.7051199403539e-15,5102.08714023605
303,527,42.2989141337941,-71.209256708357,4969.34763734924,130.0000326174605,-517.0087174061566,8.7051199403539e-15,5102.1140941903
303,528,42.2993121120656,-71.2086487942452,4967.30780025498,130.0000326174605,-522.3595376627791,8.7051199403539e-15,5102.14101715758
303,529,42.2997504382801,-71.2080935141705,4965.22218785757,130.0000326174605,-527.7103579194015,8.7051199403539e-15,5102.16767567769
303,530,42.3002252931044,-71.2075957076687,4963.11015832336,130.0000326174605,-533.0611781760241,8.7051199403539e-15,5102.19383857027
303,531,42.3007325388261,-71.2071597137754,4960.99485371275,130.0000326174605,-538.4119984326471,8.7051199403539e-15,5102.21927897632
303,532,42.3012677553893,-71.2067893331922,4958.90283375634,130.0000326174605,-543.7628186892695,8.7051199403539e-15,5102.24377624318
303,533,42.3018262788908,-71.2064877951315,4956.86356205132,130.0000326174605,-549.1136389458919,8.7051199403539e-15,5102.26711783558
303,534,42.302403242205,-71.2062577291289,4954.90875883015,130.0000326174605,-554.4644592025145,8.7051199403539e-15,5102.28910113126
303,535,42.3029936173834,-71.2061011420723,4953.07163960531,130.0000326174605,-559.815279459137,8.7051199403539e-15,5102.30953518674
303,536,42.303592259459,-71.2060194006489,4951.38606307844,130.0000326174605,-565.1660997157594,8.7051199403539e-15,5102.32824236155
303,537,42.3041939512761,-71.2060132193643,4949.97173462542,130.0000326174605,-570.5169199723819,8.7051199403539e-15,5102.34505985305
303,538,42.3047934489529,-71.2060826542428,4950.52549949692,130.0000326174605,-575.8677402290026,8.7051199403539e-15,5102.35984110832
303,539,42.3053855275835,-71.2062271022634,4951.08201833559,130.0000326174605,-581.2185604856268,8.7051199403539e-15,5102.37245710939
303,540,42.3059650267782,-71.2064453065422,4951.49196718483,130.0000326174605,-586.5693807422509,8.7051199403539e-15,5102.38279748708
303,541,42.3065268956479,-71.2067353672159,4951.61985372073,130.0000326174605,-591.9202009988694,8.7051199403539e-15,5102.39077150822
303,542,42.3070662368376,-71.2070947579359,4951.34978840791,130.0000326174605,-597.2710212554936,8.7051199403539e-15,5102.3963088952
303,543,42.3075783492267,-71.2075203478296,4950.59048873869,130.0000326174605,-602.6218415121178,8.7051199403539e-15,5102.39936044812
303,544,42.3080587689221,-71.2080084287419,4949.27933391263,130.0000326174605,-607.972661768742,8.7051199403539e-15,5102.39989851415
303,545,42.3085033081868,-71.2085547475188,4947.38532107107,130.0000326174605,-613.3234820253605,8.7051199403539e-15,5102.39791727439
303,546,42.3089080919637,-71.2091545430541,4944.91081328383,130.0000326174605,-618.6743022819846,8.7051199403539e-15,5102.3934328109
303,547,42.3092695916745,-71.2098025877763,4941.89201259966,130.0000326174605,-624.0251225386089,8.7051199403539e-15,5102.38648305088
303,548,42.309584656,-71.2104932332161,4938.39813655997,130.0000326174605,-629.3759427952274,8.7051199403539e-15,5102.37712740526
303,549,42.3098505383712,-71.2112204592542,4934.52932320756,130.0000326174605,-634.7267630518515,8.7051199403539e-15,5102.365446385
303,550,42.3100649209301,-71.2119779266224,4930.41333432708,130.0000326174605,-640.0775833084757,8.7051199403539e-15,5102.35154083744
303,551,42.3102259347531,-71.2127590321976,4927.99948024475,130.0000326174605,-645.4284035650999,8.7051199403539e-15,5102.33553117886
303,552,42.310332176157,-71.2135569666052,4929.48455237253,130.0000326174605,-650.7792238217183,8.7051199403539e-15,5102.31755632907
303,553,42.3103827189464,-71.214364773629,4931.34290366119,130.0000326174605,-656.1300440783425,8.7051199403539e-15,5102.29777252302
303,554,42.310377122496,-71.2151754109066,4933.6090395253,130.0000326174605,-661.4808643349667,8.7051199403539e-15,5102.27635199204
303,555,42.3103154355948,-71.2159818113791,4936.31462748506,130.0000326174605,-666.8316845915851,8.7051199403539e-15,5102.25348145142
303,556,42.3101981960204,-71.2167769449572,4939.48643191515,130.0000326174605,-672.1825048482093,8.7051199403539e-15,5102.22936044261
303,557,42.310026425847,-71.2175538798638,4943.14432898412,130.0000326174605,-677.5333251048336,8.7051199403539e-15,5102.20419965312
303,558,42.3098016225266,-71.2183058431151,4947.29947985928,130.0000326174605,-682.8841453614577,8.7051199403539e-15,5102.17821901292
303,559,42.3095257458238,-71.2190262796118,4951.95273582947,130.0000326174605,-688.2417979343147,2.4669180158355286,5102.15164575726
303,560,42.3092180534717,-71.2197231495356,4960.00618142382,130.0000326174605,-689.7400139413645,282.0913435960617,5105.15056824312
303,561,42.3088954929837,-71.2204074022563,4971.45077545504,130.0000326174605,-691.7465375446034,281.18094520708775,5111.27656527236
303,562,42.3085418643161,-71.2210631335179,4980.65955194899,130.0000326174605,-696.9299724245737,227.488151814933,5115.1335881874
303,563,42.3081444911672,-71.2216716933562,4988.90689600419,130.0000326174605,-702.2833914528136,227.56972556743995,5118.90115848556
303,564,42.3077067075788,-71.2222276468481,4996.50850569418,130.0000326174605,-707.636144840912,227.5697255718087,5122.67028460652
303,565,42.3072323320467,-71.2227261435045,5003.44498959143,130.0000326174605,-712.9893387949891,227.5697255718087,5126.43981485814
303,566,42.3067255029794,-71.2231628350712,5009.75154556131,130.0000326174605,-718.3425327490662,227.5697255718087,5130.2099536173
303,567,42.3061906421579,-71.2235339132341,5015.51411463846,130.0000326174605,-723.6957267031491,227.5697255718087,5133.98089985922
303,568,42.3056324158075,-71.2238361423725,5020.86487472515,130.0000326174605,-729.0489206572263,227.5697255718087,5137.75284543633
303,569,42.3050556938723,-71.2240668877386,5025.97588410644,130.0000326174605,-734.4088559945791,230.00200057048872,5141.52597332746
303,570,42.3044699517959,-71.2242515588794,5034.39607167765,130.0000326174605,-735.4855353562942,518.659380129227,5148.81769028306
303,571,42.3038790923212,-71.2244018308585,5041.92299302297,130.0000326174605,-740.0849292317291,521.0461762800072,5157.44589592144
303,572,42.3032830278279,-71.2245064044473,5050.1836802767,130.0000326174605,-741.4734452583704,728.0549111288456,5168.81688140333
303,573,42.3026840576358,-71.2245698576641,5059.4392752499,130.0000326174605,-746.3596283012062,728.0549111288456,5180.93871641904
303,574,42.3020833255071,-71.2245589237215,5069.16157409707,130.0000326174605,-751.4048037576528,614.3193726552554,5193.06219742447
303,575,42.301484921064,-71.2244802949665,5076.04967788732,130.0000326174605,-756.4037054581431,526.3702100806315,5201.9062894024
303,576,42.300894376652,-71.2243283091394,5083.36949467351,130.0000326174605,-761.7120431727338,508.5866958127605,5210.67194593698
303,577,42.300316746297,-71.2241034517012,5090.902143775,130.0000326174605,-767.044239954227,508.5871713815269,5219.1167836152
303,578,42.2997571584106,-71.2238071863321,5099.01359156348,130.0000326174605,-772.4016563284014,508.5871713815269,5227.58982864022
303,579,42.2992205492309,-71.2234418404597,5107.68730864529,130.0000326174605,-777.75907270257,508.5871713815269,5236.06480877846
303,580,42.2987116063033,-71.2230106073665,5116.92536920479,130.0000326174605,-783.1164890767444,508.5871713815269,5244.54173593968
303,581,42.2982347753802,-71.2225172556268,5126.72389044114,130.0000326174605,-788.4805383575506,510.97556245676,5253.02060491592
303,582,42.2977817246275,-71.2219848969744,5138.96161955911,130.0000326174605,-790.3097408322653,658.0247385168815,5263.5640142709
303,583,42.2973533888576,-71.2214170958697,5151.98500283899,130.0000326174605,-795.4588214863317,658.0247385168815,5274.53759450838
303,584,42.296966063666,-71.2207981777939,5165.2881768426,130.0000326174605,-800.8190674229306,658.0247385168815,5285.51302411407
303,585,42.2966233523291,-71.2201332356665,5174.83842586665,130.0000326174605,-806.1793133595239,658.0247385168815,5296.4902266413
303,586,42.2963282513865,-71.2194280843672,5184.83893489334,130.0000326174605,-811.5461361618671,660.3893133377711,5307.46911244094
303,587,42.296082608181,-71.2186893621945,5195.4447400158,130.0000326174605,-816.8069479082573,670.7670490434047,5318.6446630694
303,588,42.2958891181201,-71.2179230469941,5206.42508490173,130.0000326174605,-822.1674539728806,670.7670490434047,5329.83897500113
303,589,42.2957496185699,-71.2171357393711,5216.34185882193,130.0000326174605,-827.5279600375038,670.7670490434047,5341.03461891413
303,590,42.2956653292794,-71.216334323884,5226.57104436519,130.0000326174605,-832.7065047577693,605.3479006695327,5352.23145262897
303,591,42.2956350001196,-71.215525731239,5236.71493668159,130.0000326174605,-838.040073930132,605.355931956173,5362.31275850162
303,592,42.2956606641362,-71.2147168579399,5247.7433693968,130.0000326174605,-843.3992761294431,605.355931956173,5372.42138369009
303,593,42.2957422982327,-71.2139147479626,5259.42025103703,130.0000326174605,-848.7584783287485,605.355931956173,5382.53072276711
303,594,42.2958791888669,-71.2131264117445,5270.94969168241,130.0000326174605,-854.1176805280596,605.355931956173,5392.64060055837
303,595,42.2960701395517,-71.212358739442,5280.75963865876,130.0000326174605,-859.476882727365,605.355931956173,5402.75083738193
303,596,42.2963134813037,-71.2116184407607,5289.26576067923,130.0000326174605,-864.8360849266761,605.355931956173,5412.86125059053
303,597,42.2966070872189,-71.2109119863551,5297.68710946218,130.0000326174605,-870.1829993024745,600.9354863111428,5422.97165618837
303,598,42.296948407644,-71.2102455511507,5305.95130245448,130.0000326174605,-875.5555501408309,600.9355204250052,5433.00501264259
303,599,42.2973344403698,-71.209624960691,5314.14685382947,130.0000326174605,-880.9146670441328,600.9355204250052,5443.04117965698
303,600,42.2977618130928,-71.2090556412305,5322.28311547826,130.0000326174605,-886.2737839474346,600.9355204250052,5453.07679452747
