filename,Track_length,Min_Alt_msl,Max_Alt_msl,Min_Speed,Max_Speed,Min_Alt_agl,Max_Alt_agl,trackId
1.csv,601,2451.61605828255,4239.32617501915,32.79560829042695,130.0000326174605,2252.02186265785,4188.92855382381,1
10.csv,601,4573.92827319726,5777.5020554699,68.2165705557233,130.0000326174605,4227.03633990508,5539.81811296413,10
100.csv,378,1534.12266891822,1944.64590051025,81.6952245451539,130.0000326174605,1345.98234241338,1768.21411365131,100
101.csv,601,797.68548342213,3907.20456479117,54.73481932579126,130.0000326174605,567.106733330817,3785.09705650333,101
102.csv,355,755.712832219899,1666.29018715024,34.240631526826775,68.50139934514428,580.22887061586,1489.95161960452,102
103.csv,601,1035.00244860351,3520.23461247981,65.57062153073782,130.0000326174605,844.626031602432,3416.09468607554,103
104.csv,601,2941.79785948619,4735.46466009319,60.21102099421597,130.0000326174605,2712.626851716,4624.18611670722,104
105.csv,558,4430.17700831592,7444.15199190751,49.82384183355689,130.0000326174605,4277.50320933007,7338.93043891932,105
106.csv,601,2040.74181910232,4020.1139151603,73.86564574295008,130.0000326174605,1830.53164383465,3870.94242515037,106
107.csv,601,5323.72919313982,8377.33287568763,79.58402954612782,130.0000326174605,4994.16417977541,8341.61190278769,107
108.csv,545,1071.04370829836,2723.90819538385,50.57564272133507,130.0000326174605,884.717296615666,2596.12628787856,108
109.csv,388,1907.29612312466,2489.37411609292,109.11812807680177,130.0000326174605,1708.57092363908,2373.37111183031,109
11.csv,601,804.221161585301,3891.51498036832,72.01453529111133,130.0000326174605,605.824057017624,3779.69926104144,11
110.csv,601,644.772262305021,5377.84130517766,57.096380938954,130.0000326174605,478.904501935229,5214.55415201503,110
111.csv,601,3216.19094969332,4491.84426214918,64.49521986156995,130.0000326174605,3157.74400374807,4306.98332269739,111
112.csv,601,942.780329868197,3975.44347807392,45.70751504568395,130.0000326174605,667.365609646042,3799.18001259412,112
113.csv,316,1993.03719425201,2560.91812959313,36.798482449762886,92.19342207467204,1779.13194870318,2381.53598521159,113
114.csv,527,2123.24672826752,6463.80185673758,47.16711273898972,130.0000326174605,2019.10171901668,6255.91308524286,114
115.csv,482,1342.45916857943,1803.20985707268,82.33146241364277,130.0000326174605,1068.04850503973,1672.67345620139,115
116.csv,601,3176.13333888724,4883.74083001539,49.01215579421418,130.0000326174605,3031.51542408075,4767.33263775545,116
117.csv,601,1260.62039841339,3137.6374514401,53.75012722063024,130.0000326174605,1016.60064800375,2976.13011924224,117
118.csv,601,4680.66758159548,5600.1885130927,53.12475447151233,130.0000326174605,4547.24501850103,5492.56497535556,118
119.csv,409,2283.50442068651,3229.74347390234,58.39564585982928,126.52778759762882,2108.02047095356,3082.31946516247,119
12.csv,601,4371.35740599781,7805.24583438784,66.91885320247833,130.0000326174605,4201.81458390286,7659.83332834128,12
120.csv,601,3371.83235662431,9699.51128390059,77.38502981580616,130.0000326174605,3325.99606156201,9525.71720516102,120
121.csv,541,2497.57397824526,5019.3013583459,57.878142803331656,130.0000326174605,2224.45355475672,4846.01715235313,121
122.csv,601,2679.46607074142,3921.02638870478,52.54490087164155,130.0000326174605,2524.20674614867,3820.32321135228,122
123.csv,562,1172.78359197453,4247.88371913135,46.89798209395386,118.21057554459917,1030.69294424886,4054.64734315368,123
124.csv,197,1068.03740261123,1652.18475549296,127.60773030889939,130.0000326174605,849.039996441456,1479.34280005379,124
125.csv,601,1556.2575959675,3637.29041066021,50.743917705736344,84.89069060674343,1453.87921157676,3523.43163051188,125
126.csv,601,2409.89692749828,5532.5570425503,51.526964268983235,122.38951622819577,2150.87429899038,5398.96567733806,126
127.csv,601,5062.09701079503,6869.99893987551,34.391879328330994,110.865212261829,4945.01836840331,6752.99763517435,127
128.csv,568,2325.86022789404,2992.58951795474,63.38422021579802,130.0000326174605,2144.69261914581,2829.59791922445,128
129.csv,551,543.253896228969,3763.38253940642,42.08363040100051,130.0000326174605,412.165163532255,3539.76943480655,129
13.csv,601,4217.2668010965,5375.82798146456,35.86401671884503,92.34417573577396,4091.405051993,5256.62666313102,13
130.csv,601,2325.48767319694,5016.98610714823,48.01537854335529,130.0000326174605,2180.16909715851,4859.64283414316,130
131.csv,601,1982.88490317017,4315.29085208476,61.60855959814141,130.0000326174605,1731.25880252684,4204.70815479516,131
132.csv,601,3295.85576088727,7892.85094483569,43.592746710350376,130.0000326174605,3074.24835715945,7736.19186949523,132
133.csv,601,2271.68566426635,2956.82617234439,50.9756509849048,130.0000326174605,2040.48016758011,2807.88609856382,133
134.csv,601,1487.45036726445,3592.63516897708,54.92505910944535,130.0000326174605,1297.46157858628,3497.29419862664,134
135.csv,601,759.245710130781,5096.45569265634,55.77850319555171,130.0000326174605,403.702488265899,5033.41135120152,135
136.csv,601,1157.74594264477,4365.47489271313,58.87821003753354,130.0000326174605,994.068110521294,4213.13800617081,136
137.csv,601,2912.78660156205,4070.66128244624,66.93775761342285,130.0000326174605,2712.62293433209,3955.43714308735,137
138.csv,601,441.639426272362,7506.06640128419,51.95272774798877,130.0000326174605,219.79025856922,7316.4902408999,138
139.csv,601,1959.5585135445,4310.32363409176,59.47850916149584,102.09767543029135,1775.19785929941,4139.75264459205,139
14.csv,601,3498.67038299888,4985.86320031434,53.62268827092784,130.0000326174605,3380.41304303104,4859.55014069937,14
140.csv,601,2586.22193138674,3338.8453768678,47.347218009810106,130.0000326174605,2464.31511319643,3227.20122704009,140
141.csv,601,2492.42933932692,4302.02276300639,65.5766940971648,130.0000326174605,2457.57475190912,4099.86071768166,141
142.csv,601,3251.13527613506,4599.44009419158,41.98171567571498,80.65256332897617,3040.99158497973,4441.81431438279,142
143.csv,570,4519.15019056574,8290.44706410542,88.76984046414816,130.0000326174605,4497.65028458372,8114.18279798902,143
144.csv,450,2313.25411193818,4268.62980536371,72.28987900591763,130.0000326174605,2207.18402203917,4136.72922549712,144
145.csv,439,274.162738054991,872.400534328073,86.80926371759503,130.0000326174605,98.2308670717545,746.049830570947,145
146.csv,446,2251.51682149619,4615.9404454343,62.12824715748111,130.0000326174605,2071.11777165305,4343.01942637043,146
147.csv,601,3554.84062338248,5158.05410492048,52.5284691513979,130.0000326174605,3486.0492603413,5010.20330707308,147
148.csv,601,4763.0769793056,8580.54642432556,51.694442372763085,130.0000326174605,4534.89991225433,8413.54030205139,148
149.csv,328,2346.99253403395,4736.11000078544,54.790313205233346,130.0000326174605,2077.6371374922,4551.30506788541,149
15.csv,601,2567.5300706774,7001.54655280709,73.37054542123549,130.0000326174605,2416.15080265429,6832.53754075846,15
150.csv,601,8102.91478394344,10017.5223165043,56.07550141398964,130.0000326174605,7928.87541677935,9915.25025989232,150
151.csv,601,1462.84923315048,2817.37203685939,43.654790090311096,130.0000326174605,1250.24262686658,2712.32117440749,151
152.csv,601,2974.39171680436,4857.35988710448,47.58405610863418,130.0000326174605,2665.81707265372,4720.16479459931,152
153.csv,539,1399.27395089343,3926.9408002831,45.346479073581094,130.0000326174605,1219.17556827508,3892.42639983186,153
154.csv,504,7403.15548171848,10082.9854469597,49.90473870173952,130.0000326174605,7364.01455521659,9871.41562199896,154
155.csv,430,2181.52130407095,3067.20124835521,111.59104009819492,130.0000326174605,1992.50618102702,2964.37044997308,155
156.csv,601,3893.66306534782,4614.27264629304,40.70546886814506,130.0000326174605,3685.97197447124,4400.98259770976,156
157.csv,601,6339.14295272902,8070.80236165598,51.17714483809998,130.0000326174605,6139.73490035191,7892.3466077221,157
158.csv,428,1052.53743977845,2065.40282091498,47.563876119806146,77.35783628196896,919.103305788596,1966.78148059818,158
159.csv,397,522.307656865567,1393.61013958231,130.0000326174605,130.0000326174605,195.614836330047,1292.1105364871,159
16.csv,601,4367.46071549878,6150.55790439621,58.43796646628681,130.0000326174605,4174.02932337723,5927.61454476315,16
160.csv,601,2240.51697801054,3272.66408915445,59.18044225255451,130.0000326174605,2076.57238852644,3117.30420111198,160
161.csv,452,874.339186970145,1746.86520278081,47.2516916569386,130.0000326174605,701.797525416923,1597.98796062141,161
162.csv,515,4571.99116067588,8565.57782729343,85.90778515833428,130.0000326174605,4481.1540060176,8311.95561705275,162
163.csv,601,3741.24484064057,4999.691530101,54.795520221580034,130.0000326174605,3573.75819602653,4813.36236449515,163
164.csv,589,1325.46618364006,4689.40946942195,51.431319956931006,130.0000326174605,919.955569795264,4573.30863076136,164
165.csv,601,3336.58062575012,5022.89992805943,55.162233116677555,130.0000326174605,3154.4716712987,4862.37053775388,165
166.csv,601,2529.35976105928,3768.66343726218,50.28156139281693,130.0000326174605,2346.04951441668,3645.23990128734,166
167.csv,601,3304.08693243191,3954.45230850577,54.738163963418174,130.0000326174605,3047.64212068615,3904.95032303584,167
168.csv,601,5316.74056620151,8219.96277749538,85.59499767338995,130.0000326174605,5126.56920455165,7976.69025617645,168
169.csv,414,2151.99885261431,2780.16472267732,118.77839923320992,130.0000326174605,1980.62315184164,2638.23108425112,169
17.csv,438,1255.477509249,2051.30841041729,38.310700857025154,130.0000326174605,1086.11800024169,1869.58295648264,17
170.csv,601,1551.31474943832,4498.08433202654,73.80444151459346,130.0000326174605,1501.17954635318,4452.81592753659,170
171.csv,601,3210.84222394601,4615.21323166043,71.54839565351557,127.72685731191265,3027.03555827513,4412.86854625107,171
172.csv,601,2177.96949972585,3991.60189444944,61.260506833442115,130.0000326174605,1929.14636293993,3965.07664658566,172
173.csv,601,3475.45453259349,4385.0752902329,59.74327458270484,130.0000326174605,3268.65598892616,4207.24669671289,173
174.csv,601,1893.14633965492,3531.48958650976,46.14438199892181,130.0000326174605,1716.99897513499,3264.06316506823,174
175.csv,601,3666.35916292667,5201.40453206748,65.9980204190732,130.0000326174605,3465.87709165057,5018.08918295706,175
176.csv,601,3028.67714265361,3727.45742128417,43.369359798242634,119.58660797889962,2894.86399700792,3557.39795047028,176
177.csv,601,1920.59610832855,3056.50633314997,33.199129758110395,72.55794074764547,1705.34439258617,2864.39023194012,177
178.csv,601,2781.1024354361,5136.79444901273,54.47269811103945,130.0000326174605,2729.59316253541,4836.62493482303,178
179.csv,601,4575.48849790916,7840.65963678807,54.406403601554544,130.0000326174605,4405.53581200342,7688.34056002626,179
18.csv,601,4642.86981868744,6054.62838477269,57.586582393246346,130.0000326174605,4485.3290225063,5840.68524131988,18
180.csv,439,861.928268097341,2496.94122936577,45.13420552272242,130.0000326174605,642.421274969003,2421.14918280518,180
181.csv,601,3674.70205640048,4612.89407135546,49.79306140942106,130.0000326174605,3368.66960673207,4472.36251841456,181
182.csv,601,4265.00228982046,7865.00145312771,63.27283998209474,130.0000326174605,3999.38163645247,7678.09352407694,182
183.csv,556,1330.88304840028,2937.48845461383,54.741476105553865,130.0000326174605,1078.50657749349,2787.80917275105,183
184.csv,601,2951.45910750329,4783.07445198298,48.053028287102855,130.0000326174605,2774.89217527612,4669.36548443177,184
185.csv,601,3393.24548961967,4714.01423830539,57.22803666462844,130.0000326174605,3204.641218659,4553.00269497317,185
186.csv,341,1288.52852488309,2282.76398967952,43.079583325064384,130.0000326174605,1154.91522023396,2226.06318301337,186
187.csv,601,1809.87528021261,5175.41281248257,57.31927425866697,130.0000326174605,1633.34580061769,5064.73863529964,187
188.csv,601,3796.94720022008,4545.42509600148,56.01002268983344,130.0000326174605,3595.92971625098,4383.30527811226,188
189.csv,601,2281.25985310599,4685.64237215742,69.9786315444392,130.0000326174605,2110.20596139296,4493.43114772374,189
19.csv,601,3304.29133537784,7740.99141550809,78.38612410601195,130.0000326174605,3091.14850815643,7575.43421471055,19
190.csv,601,3641.31407803297,5285.89047985151,45.846321052052,110.29906331501103,3489.94668934512,5190.92602723823,190
191.csv,480,962.881751935929,3881.05258812383,69.57744970092314,130.0000326174605,727.855131610853,3567.79041595176,191
192.csv,601,3357.107760977,6779.89037051424,75.72838581147009,130.0000326174605,3274.48493114159,6572.40009469896,192
193.csv,601,2076.34108708054,5547.42085065693,38.2183477320865,130.0000326174605,1894.30826901227,5382.66309555464,193
194.csv,601,4932.38703021035,9345.61783015728,60.91651357625432,130.0000326174605,4803.66107547102,9087.95033878115,194
195.csv,601,5532.10108420625,9346.88801511005,38.016440771439385,85.09969990622952,5315.87351001459,9114.77644722381,195
196.csv,601,3509.76371564344,5193.50538499653,60.859613493606886,130.0000326174605,3423.61303157003,4939.41690644243,196
197.csv,601,2915.59910753369,4290.85872879624,57.27177433202217,130.0000326174605,2784.6202707376,4106.10563616649,197
198.csv,496,1524.6288597174,4797.63860021904,54.26650786074235,130.0000326174605,1416.22513160567,4617.01355676114,198
199.csv,601,2922.1934966594,5113.95690215752,56.15061264176185,130.0000326174605,2772.65862294761,4813.77130145073,199
2.csv,601,3789.67251165584,6706.32661104575,55.33286310375945,130.0000326174605,3656.86720262525,6542.4811407765,2
20.csv,601,2861.97466962785,3473.77924431115,49.93189325717832,130.0000326174605,2709.12531667571,3295.49078782587,20
200.csv,601,1998.88778761774,5042.55830191076,51.09170477920152,130.0000326174605,1800.96133691346,4832.39790504994,200
201.csv,601,3066.40829805657,4323.48276186362,50.39431038375585,130.0000326174605,2940.12628207039,4200.0435689074,201
202.csv,601,2472.27052164078,4265.88626622409,40.48183811762756,130.0000326174605,2323.55454994292,4057.19382583802,202
203.csv,601,2813.42576724291,3223.62616237998,53.62631850975925,125.77808748027856,2651.43099695895,3052.06916974817,203
204.csv,601,4746.88773011789,6716.04351878539,40.224094714392464,130.0000326174605,4605.4280116748,6535.93760952828,204
205.csv,601,3408.14169222116,4383.06277278066,57.75986964898463,130.0000326174605,3217.99288350812,4221.12971474245,205
206.csv,601,4447.50446461886,5467.36143991724,35.68173663545858,130.0000326174605,4422.79293123977,5422.57713247141,206
207.csv,601,722.625112678856,5110.97044229507,63.16742064000305,130.0000326174605,459.581787928983,4998.25788415891,207
208.csv,601,3020.46252171695,5036.50909466296,62.916329661048486,130.0000326174605,2869.75846898945,4683.01636265537,208
209.csv,601,3055.13190288097,7514.23688304797,68.1838337193355,130.0000326174605,2919.68826692334,7421.04648246697,209
21.csv,601,3157.74698116258,4530.93438473344,45.18651087296038,130.0000326174605,2896.57252905851,4384.78154704644,21
210.csv,601,6448.5442362763,9224.52296873555,66.66518451720584,130.0000326174605,6257.52516678843,8850.63221487653,210
211.csv,601,1221.9393802844,3782.24783967808,62.33365710261525,130.0000326174605,1154.9413781827,3681.85358043609,211
212.csv,589,2201.83424250036,3145.0916050747,54.790722283071794,130.0000326174605,1885.30213853274,3065.91734552193,212
213.csv,601,2022.58970740065,4637.33181283996,70.60590432420375,130.0000326174605,1688.28966058228,4477.44036492575,213
214.csv,518,704.839128050953,3442.03266826272,51.883042597641804,130.0000326174605,522.548109682158,3370.74301062486,214
215.csv,601,3577.27682982758,6597.77631419525,41.31062563592179,64.21904456509537,3442.60472539054,6415.23058760078,215
216.csv,601,232.003475625068,4824.34255996346,54.45330063235993,130.0000326174605,5.09758124486569,4688.11334458648,216
217.csv,601,2739.86583174393,4702.08851424605,43.123119122454554,130.0000326174605,2551.50311814715,4539.90758099893,217
218.csv,601,2469.27005040273,4281.46083993837,52.69774477865869,130.0000326174605,2355.60791567628,4187.60306877566,218
219.csv,601,5953.44125364721,8601.40496827289,71.74311138703725,130.0000326174605,5553.3520253583,8484.91485798845,219
22.csv,601,1236.88684311137,5414.32329243422,80.20214132305516,130.0000326174605,995.65599781934,5109.09665052056,22
220.csv,601,2366.04760657623,5104.80089820176,33.90262147787396,130.0000326174605,2310.49497984481,5052.36325494418,220
221.csv,601,2280.31692253426,3695.77391759306,59.69967237513843,130.0000326174605,2095.91973339786,3516.9400218007,221
222.csv,601,3143.00092041865,4364.69849370047,70.87870389799022,130.0000326174605,2875.80928640993,4254.99718517804,222
223.csv,601,2304.75541147962,3676.26292926818,53.949593886947945,130.0000326174605,2163.63480732133,3455.85494519869,223
224.csv,601,1891.94095333293,3090.75734698027,40.44470636192392,130.0000326174605,1819.99627475334,2887.76000131844,224
225.csv,366,897.631009917706,2716.68420941383,122.04569110054815,130.0000326174605,734.290611799536,2510.38612575717,225
226.csv,601,5354.52689848095,8607.28272369131,60.77004027006887,130.0000326174605,5213.69484030037,8459.20570430057,226
227.csv,601,7128.22294669226,9360.92340997234,44.3830709086118,130.0000326174605,6878.80793779457,9231.58222860302,227
228.csv,601,1368.04848847911,5526.4279249385,35.86490551725641,130.0000326174605,1136.39422217865,5439.22591091277,228
229.csv,601,2195.65009599552,4760.04757683352,55.05627967170708,130.0000326174605,2021.23561503442,4517.94827885189,229
23.csv,601,1295.31372586638,6668.38698230311,68.62883227430588,130.0000326174605,976.341468938144,6606.45036587123,23
230.csv,601,3513.18777322769,4854.39911970124,42.706382915898445,130.0000326174605,3422.17917277682,4711.58221432471,230
231.csv,407,1293.85536633432,2581.81987645105,84.75480808299221,130.0000326174605,1131.32325358967,2415.85291131033,231
232.csv,448,1040.35635732487,2069.20434669033,107.2565152883756,130.0000326174605,897.375228284664,1945.05215815456,232
233.csv,601,3553.92561741173,4410.25931896269,53.285596517409296,130.0000326174605,3388.39848847928,4270.96463260657,233
234.csv,452,865.31245277822,4937.49887829646,37.92534543835017,130.0000326174605,782.429016792033,4784.96739265174,234
235.csv,601,3053.49102015421,4479.8206483312,49.81746372613269,130.0000326174605,2990.70366013831,4355.23379319085,235
236.csv,601,4008.1451879926,5041.56917061284,53.011924873922055,130.0000326174605,3798.60906301563,4936.648240547,236
237.csv,601,2853.30203942209,4991.71273862198,64.83287208021284,130.0000326174605,2611.59515896445,4949.34149922363,237
238.csv,601,1339.07360815629,7673.30510214716,70.9652707322579,130.0000326174605,1123.60982528468,7423.27328589027,238
239.csv,490,1162.50451036915,2182.47593010962,52.10370797840851,130.0000326174605,989.629054674732,1884.16341921723,239
24.csv,380,1147.15720738471,2352.6811065115,105.91508026142596,130.0000326174605,864.948730090676,2151.57748140941,24
240.csv,370,850.609448004514,3667.49757971615,70.29712471661432,130.0000326174605,725.53655798747,3416.94694475237,240
241.csv,489,946.275631085038,2912.10518015176,38.73436803121398,130.0000326174605,909.05362451773,2750.57298153626,241
242.csv,601,3929.43418985605,4764.77599880844,62.29550611004734,130.0000326174605,3698.60076281482,4608.13855760018,242
243.csv,576,1217.83691627905,4009.01790196821,57.67418287784522,107.91938686331535,924.669909939723,3947.86002804908,243
244.csv,601,4546.92147825658,6021.68518777937,53.54214861907634,130.0000326174605,4449.03869800479,5941.4392010944,244
245.csv,601,2903.13215660304,7963.01861857995,72.34824426984243,130.0000326174605,2812.18513758141,7811.47834216725,245
246.csv,601,2856.71605600417,4964.89577903599,58.27117766278737,130.0000326174605,2650.76627164589,4846.1121771958,246
247.csv,189,2320.80750414729,2833.37452098355,82.09106936611016,88.44723850601493,2201.91286262881,2708.71867492302,247
248.csv,601,2663.98950114474,3739.44754836336,44.75660115380053,130.0000326174605,2383.88840833834,3592.14536377868,248
249.csv,601,4462.53192449361,10123.2819029763,72.25970493891018,130.0000326174605,4254.94365014093,9870.23975164436,249
25.csv,601,3123.98991316184,4662.48630138487,61.209213182051556,130.0000326174605,2839.53586857108,4552.87786203848,25
250.csv,601,1117.32745160908,3525.23969731852,48.999263332983666,130.0000326174605,872.614445531932,3389.49695861773,250
251.csv,601,2649.15581677854,8976.32833640277,65.93850230835623,130.0000326174605,2466.80226209884,8622.74983959858,251
252.csv,601,3132.54323297366,4125.58645134047,68.06740743781144,130.0000326174605,3000.14965052655,3947.1012795307,252
253.csv,601,2478.12895861268,6596.93990669772,64.93562165931716,130.0000326174605,2336.97546291757,6240.50502149878,253
254.csv,601,5079.84878398851,6563.75023750588,50.62982427723638,130.0000326174605,4892.34837314458,6328.62229768343,254
255.csv,601,2429.28311850876,4631.41359538212,67.82144563438689,130.0000326174605,2215.27958254351,4455.40978838791,255
256.csv,601,4483.57242227718,5785.38948400319,41.93938243643352,130.0000326174605,4404.21223546899,5671.18057415908,256
257.csv,601,3263.55700621009,9217.5735338144,65.32271480840663,130.0000326174605,3082.82115277764,9169.24059294051,257
258.csv,601,2245.25755435601,3120.58905271068,45.84147864658792,130.0000326174605,2033.53696356827,3006.75249766647,258
259.csv,601,3521.17855031043,5072.71369269118,67.93387765399359,111.10109257047318,3330.46879801616,4847.57759846732,259
26.csv,601,4244.61437989026,8817.77069410682,64.218656797906,130.0000326174605,4071.74630901733,8569.14185083252,26
260.csv,601,4502.06543810666,6258.01169863343,52.39156719902531,130.0000326174605,4336.220852381,6036.54942455669,260
261.csv,601,3162.66842378303,9604.00833442807,69.17223317521929,130.0000326174605,3073.08738878062,9429.34142615061,261
262.csv,601,2851.39486595243,6068.12789554521,57.50229623837995,130.0000326174605,2727.09236598658,5935.32644910875,262
263.csv,297,1272.2169033587,2029.46124864742,63.16527301022745,130.0000326174605,983.037295863547,1901.70465044378,263
264.csv,477,1055.6776907146,1828.19954260066,103.51757463952987,130.0000326174605,809.728890334138,1702.29873568881,264
265.csv,351,1337.78528299183,2046.75880778208,53.15106769683882,82.44862012923141,1200.24771692618,1872.44087087813,265
266.csv,601,2424.4129650183,3027.44787978753,47.86938104491473,130.0000326174605,2233.66139583944,2886.02587193981,266
267.csv,601,8398.77556506172,9946.58719459921,55.68790633246143,130.0000326174605,8318.5234221438,9730.33792843407,267
268.csv,601,2739.82776721939,3581.38919158652,49.889094404832356,130.0000326174605,2550.07033701948,3395.82768096872,268
269.csv,601,2660.72800785676,3603.32391267642,61.7319759275053,102.02367511141581,2569.66422704951,3547.6566076497,269
27.csv,601,2405.6198923327,9443.86160961166,71.14079140009784,130.0000326174605,2192.75905759537,9253.25700475803,27
270.csv,601,1615.23737805337,3958.76881851256,70.65162387880927,130.0000326174605,1424.66202826448,3768.1991703064,270
271.csv,601,2001.00117624924,3596.74031605199,55.61193490433021,130.0000326174605,1754.10077657874,3499.39774303234,271
272.csv,286,1489.96445354819,2425.43272497505,56.19185169130712,129.81750019412027,1352.25301287286,2399.32330906538,272
273.csv,601,646.682972278446,5268.84795331955,63.78311264551863,130.0000326174605,316.928095229352,5125.71286912306,273
274.csv,601,562.106706045568,6993.33622309566,46.77558825839138,130.0000326174605,312.24781878639,6823.88648480239,274
275.csv,601,2779.01263441145,5401.5690940246,55.91140324669452,130.0000326174605,2614.10837856661,5285.82820662111,275
276.csv,601,1847.37017473578,3718.16834110767,50.83481061782876,130.0000326174605,1670.57932112806,3475.6789827196,276
277.csv,601,2747.59119130671,5055.13492516056,49.74504165570039,130.0000326174605,2410.74946852896,4948.25726921603,277
278.csv,601,4099.2821376361,9303.01368322596,56.31795150362299,130.0000326174605,3990.65264578034,9166.23977405338,278
279.csv,527,683.82668159157,4212.78339801729,60.17861531975444,130.0000326174605,602.563861801348,4010.30947776891,279
28.csv,469,648.922918125987,1752.81578596681,130.0000326174605,130.0000326174605,466.154943296568,1599.343894392,28
280.csv,375,607.437588062137,1758.93065338954,36.40206140067479,54.51562577062481,423.99435699502,1624.55586935051,280
281.csv,601,2340.3922226578,2925.11682931334,49.68702481280582,130.0000326174605,2156.76359999348,2800.04608482802,281
282.csv,386,1852.62079718336,2996.04681547359,97.75064755720126,130.0000326174605,1660.18123632868,2923.59224479427,282
283.csv,372,1282.37767985091,1951.2116923742,54.298085052356676,130.0000326174605,1062.11059978352,1731.54693368516,283
284.csv,523,857.846461784095,3980.21961872652,55.00891965979516,130.0000326174605,726.405319346035,3687.29926241436,284
285.csv,601,6036.28916402534,10101.5150211714,74.85947180341508,130.0000326174605,5791.95735774836,10005.0789931117,285
286.csv,495,1012.27468619868,1946.23920958489,55.42381283114913,130.0000326174605,830.318742687404,1862.99399600753,286
287.csv,601,3309.99831603095,9917.15573841333,69.77620341695926,130.0000326174605,3128.95039830491,9669.94503991913,287
288.csv,601,2882.27797687799,3747.98731003702,52.67410924986377,130.0000326174605,2740.79021634626,3651.22905478592,288
289.csv,601,4650.56707277149,5538.85164651275,51.80606125426812,130.0000326174605,4403.66166033493,5429.02787677006,289
29.csv,601,2430.04931205511,4152.15972649679,49.53901915367562,130.0000326174605,2146.16277470184,4033.0419907895,29
290.csv,601,4324.36911921203,7439.84052691236,37.25815705049882,89.63633589259253,4119.32086844713,7333.86483442978,290
291.csv,601,3884.3056508936,5650.03065517917,57.48727406150077,130.0000326174605,3747.28593654209,5525.53433099736,291
292.csv,601,2697.39172935486,5184.67872912064,54.490584581857355,130.0000326174605,2537.17650019922,5136.93656898387,292
293.csv,601,2776.63390692323,3836.48989560828,55.44865280394917,130.0000326174605,2533.32436978624,3629.04165619307,293
294.csv,530,1080.26301307976,5077.60889770463,45.27133611641316,130.0000326174605,746.109040506079,4943.07173398671,294
295.csv,601,4950.60655939579,7329.45216538012,49.950048105418595,130.0000326174605,4847.04105204915,7220.88689421113,295
296.csv,601,3628.67136806622,5563.92037664354,51.82797017247626,130.0000326174605,3445.8541279712,5435.81993452546,296
297.csv,601,1637.61311331019,8479.30743602291,65.2830909434987,130.0000326174605,1371.2017749686,8234.98642638601,297
298.csv,601,4170.41757230461,5823.20236635581,32.09133698711134,130.0000326174605,4032.49551728645,5644.13203990001,298
299.csv,601,3471.27272459492,4714.81789718568,40.09227777462503,130.0000326174605,3345.35391438309,4502.92471798769,299
3.csv,601,2558.71245188266,8298.68491408974,74.40717653594388,130.0000326174605,2371.36563772716,8133.96548461095,3
30.csv,601,2111.55211324245,2925.00376750901,54.526999789121895,130.0000326174605,1906.84083986556,2784.65327746465,30
300.csv,601,1971.23652264103,5494.60282810032,55.615366093548275,130.0000326174605,1773.26538589227,5426.33547529854,300
301.csv,601,3163.49607878551,5399.89527343586,65.78087117162035,130.0000326174605,3042.18148882965,5198.41896692812,301
302.csv,448,1852.08321730793,2921.01176708564,51.84893712721333,130.0000326174605,1638.63388113465,2915.86475078099,302
303.csv,601,4152.78691947833,5453.07679452747,53.33806747783295,130.0000326174605,3988.76879601043,5322.28311547826,303
304.csv,601,2620.3547469154,5169.45634198189,71.96455033009279,130.0000326174605,2469.45990467417,5059.60503567681,304
305.csv,430,2057.24488771707,4023.28864007071,72.80180210556306,130.0000326174605,1889.59445056908,3769.34026617292,305
306.csv,601,5463.12378997728,7031.72684209421,77.00053854776469,130.0000326174605,5288.27303903376,6889.96937747862,306
307.csv,419,1832.143108055,2212.68856224418,38.6704056087976,90.75769871531918,1635.06944666167,2077.79486717247,307
308.csv,601,2401.68404352665,4778.392060671,59.17653938347989,123.87202005203214,2238.482829562,4499.2979915856,308
309.csv,601,786.215706985444,6091.95343058929,58.81958139484632,130.0000326174605,630.301014381545,6032.04405235903,309
31.csv,601,2895.01428668573,4415.78380016983,60.9087426261052,130.0000326174605,2524.64482216021,4175.13333548732,31
310.csv,351,788.532944682986,2179.00683618337,85.09529967976354,127.43546131130034,578.548416853621,2051.85094070148,310
311.csv,368,2043.53768252209,2833.45835880563,100.00333332466369,130.0000326174605,1850.66058435289,2664.85763113035,311
312.csv,440,1586.00528212264,2279.88845396414,40.928321385115765,114.24150522291951,1477.89443708489,2132.95782475054,312
313.csv,601,2184.92355207354,3578.81902014092,72.86737504435165,130.0000326174605,1984.01930720751,3487.04654684931,313
314.csv,601,3174.77598679438,5157.06386587396,51.55047075867051,130.0000326174605,2999.1841685773,4983.3823464417,314
315.csv,601,1066.74851420149,4950.07628297433,54.41019989497322,130.0000326174605,839.407874155222,4841.78009238296,315
316.csv,426,524.081379082054,1984.81452813745,50.31447007570525,82.63920565152961,342.614015402881,1846.18505522969,316
317.csv,465,1702.89275249466,7180.85311258212,87.18242776237537,130.0000326174605,1534.91173715253,6869.60728707543,317
318.csv,601,1800.19913462549,5757.19127333909,72.95001482875348,130.0000326174605,1468.21268869122,5512.56156551241,318
319.csv,601,1906.73255864158,3126.05709178746,47.969008361374655,130.0000326174605,1663.57655425692,3028.55689206457,319
32.csv,601,2489.52870492637,5439.86876536906,56.57935618168022,130.0000326174605,2396.97247487079,5337.97913086439,32
320.csv,601,3407.72983416542,7572.80578364432,48.50120029985801,130.0000326174605,3281.71249479646,7355.1430311267,320
321.csv,483,1837.03700341657,3196.02088169008,61.00091180483035,130.0000326174605,1652.14337034823,3126.46977359027,321
322.csv,601,2531.80423093587,4603.81457203999,47.88745636741688,130.0000326174605,2382.13839462247,4481.09785946346,322
323.csv,601,2893.90565439686,5695.54895928875,58.31578360041463,130.0000326174605,2654.16627916098,5580.07452468936,323
324.csv,601,3631.60260461643,4670.54729110375,62.26725779601877,130.0000326174605,3365.26806236004,4589.39851881829,324
325.csv,601,3586.68720745295,4919.55100297183,35.61184273648831,130.0000326174605,3510.7818121528,4762.88181113389,325
326.csv,601,6321.80000881106,8121.78529442847,49.82300277067929,130.0000326174605,5995.31404182982,7950.0006776495,326
327.csv,601,2140.21908254549,4563.90084017813,69.96743357711243,130.0000326174605,1990.09707317445,4427.74897056375,327
328.csv,601,5160.95236351714,9198.34682607651,59.98148263983093,130.0000326174605,5082.19527182475,8952.49431650319,328
329.csv,601,3271.9828270115,9450.26850873977,45.54463367238758,130.0000326174605,3104.7381794485,9232.77963916659,329
33.csv,426,2410.93073026463,5633.4156980738,86.34017480827208,130.0000326174605,2270.70220305412,5339.80499680597,33
330.csv,601,6785.59251980484,9989.54172191769,73.17113256179147,130.0000326174605,6635.74252279842,9795.14356162471,330
331.csv,601,2712.77735198289,4542.60886180773,45.34377478176074,130.0000326174605,2535.6172626898,4374.75462902347,331
332.csv,601,2077.53592308611,5381.49519370869,66.05542513028888,130.0000326174605,1938.86352369542,5109.5516436632,332
333.csv,601,2422.84275832027,7189.69594948366,55.32740256813629,130.0000326174605,2214.0146290567,7100.39861892508,333
334.csv,601,2628.87277271971,3715.16713074595,52.79037441202669,130.0000326174605,2409.81466697806,3618.26799051372,334
335.csv,471,842.355605982244,1415.54757481813,42.2083951218204,109.23397309434641,754.426944691657,1246.88131960654,335
336.csv,601,7410.58059868589,8149.30842154473,48.346533489081544,130.0000326174605,7186.59883717013,8026.47948338628,336
337.csv,601,5164.53028914705,9834.96225667372,87.38496790065355,130.0000326174605,4981.3094842393,9643.64982623545,337
338.csv,561,1318.98723456264,3720.29074428603,61.805850507986044,130.0000326174605,1053.63182855692,3563.39409726448,338
339.csv,601,6132.45298589766,9707.13601186872,73.41720734793095,130.0000326174605,6049.44691540532,9524.9594319364,339
34.csv,601,2235.98711658269,4539.94141101465,63.71515287042433,130.0000326174605,2019.48801710528,4296.38971274236,34
340.csv,601,2379.18487134948,3670.28310998157,55.13871975479984,130.0000326174605,2176.63054075373,3516.76472429666,340
341.csv,601,1556.53537787497,8699.49251196906,59.47623239207446,130.0000326174605,1354.19728435856,8555.52813578648,341
342.csv,601,1368.72061031312,4990.88990304247,42.4186106526578,130.0000326174605,1110.88797187797,4875.0145537497,342
343.csv,601,2833.33215868846,3827.19578749314,73.47902189138861,130.0000326174605,2626.80752922129,3727.99632689854,343
344.csv,299,1372.89593666419,2300.11052878201,32.336526308806754,130.0000326174605,1301.82970735039,2136.96499531319,344
345.csv,601,2609.3993344754,4815.12769209966,46.88603874562436,130.0000326174605,2411.74668746655,4579.52690004632,345
346.csv,601,2891.88593621179,4326.32133626565,47.07184000217653,130.0000326174605,2708.32301990131,4207.83017606753,346
347.csv,601,4708.82239127159,6159.71021864563,45.561739603178026,130.0000326174605,4588.67489784886,5977.9012494857,347
348.csv,601,3558.96156844869,5528.8060993813,45.32468833709536,130.0000326174605,3266.59944142336,5374.52787088118,348
349.csv,601,948.512114260346,3765.85490404442,54.27207400945305,130.0000326174605,822.261276816412,3619.12619122404,349
35.csv,406,489.593849040568,1585.00192856044,34.465338011720796,67.67585702151479,268.174125968537,1412.8654770975,35
350.csv,601,4707.86133566871,5857.63624223322,51.28059682372396,130.0000326174605,4458.75672957109,5707.5194361848,350
351.csv,601,2931.30290564522,9610.78969226405,61.909370565675765,130.0000326174605,2891.48125363138,9526.33673771126,351
352.csv,601,2597.8493340984,4355.5529374741,52.17080470609714,130.0000326174605,2387.4749826617,4233.0998520006,352
353.csv,601,3785.29568705335,5772.67127692699,67.4490233178407,130.0000326174605,3660.53264788199,5668.43190111569,353
354.csv,601,4169.87834668532,5300.56944650784,45.20677897301123,130.0000326174605,4062.42797385282,5155.50532416437,354
355.csv,601,2445.50686888769,3915.89587081969,59.23707799517392,130.0000326174605,2264.73163070777,3710.55454852316,355
356.csv,601,2599.0592170693,8467.11725499853,51.963681856696844,130.0000326174605,2146.34567828139,8295.9137011138,356
357.csv,601,4671.41519707441,7403.19833082333,69.46028568752168,130.0000326174605,4530.2294025201,7263.63771511692,357
358.csv,601,7047.12615262344,8966.335617695,69.24430271779252,130.0000326174605,6898.01757704771,8858.14905739374,358
359.csv,601,4407.87428104877,5732.24144366756,39.85204153962337,122.92128351609195,4101.06747311676,5624.75519892725,359
36.csv,511,587.714874055237,2193.40403318778,56.94907802390851,125.84444119822388,396.716019392828,2037.68025352862,36
360.csv,601,2418.75744033977,4983.29785393551,45.94639814862454,130.0000326174605,2149.76202892216,4815.69505809023,360
361.csv,601,1608.88106040284,6193.65549318492,65.6789071177238,130.0000326174605,1410.71419147912,6076.81488277197,361
362.csv,601,1687.98542612046,3180.94107811898,58.64089679839187,130.0000326174605,1487.16988041415,3000.27175876338,362
363.csv,405,1522.5043342188,2856.92358851805,78.48843651509242,130.0000326174605,1307.03395291907,2504.6266715675,363
364.csv,601,4226.89621503279,5478.86925977096,72.79248207700687,114.28017084018738,4072.29444282495,5389.424945867,364
365.csv,601,2299.2253664434,3171.73875443265,55.43884513008125,130.0000326174605,2090.93009816888,3062.08189041299,365
366.csv,601,2414.68638640642,7351.79513834044,56.06391871837798,130.0000326174605,2063.54737390414,7205.87465391967,366
367.csv,601,2473.65032462031,4802.14406533912,64.83524242410313,130.0000326174605,2298.7678352436,4779.31763338358,367
368.csv,601,3833.88766888157,5117.47658175603,61.92629970929493,130.0000326174605,3740.12838076216,5038.54969701449,368
369.csv,601,3067.68277470022,4185.10634732619,46.97545355140546,130.0000326174605,2897.29917965484,4035.229841522,369
37.csv,601,2506.22030086815,3266.00411910191,46.34629534815268,130.0000326174605,2323.48148979028,3150.71945144932,37
370.csv,516,1268.18467213959,3739.63262685761,51.347704574691704,130.0000326174605,1148.87912923473,3526.00753712645,370
371.csv,601,1456.44519397989,3655.26079038158,60.28816470793721,130.0000326174605,1288.85564003974,3514.47967222658,371
372.csv,452,1180.05518839136,2217.98223276064,125.18278965371996,130.0000326174605,1082.82227938038,2071.38418174569,372
373.csv,601,3902.57788635045,5163.81933648139,45.395242450271276,130.0000326174605,3615.18719138714,4859.68111105738,373
374.csv,601,3401.05146640912,4702.17241003737,55.52888300534897,130.0000326174605,3100.38683019719,4501.86090950946,374
375.csv,601,2919.69225755706,4165.52954522893,41.888052290880715,130.0000326174605,2708.70552783053,3921.16291494353,375
376.csv,601,5978.83365337923,7364.14581699669,56.87145826845457,130.0000326174605,5870.14354611181,7114.42628411424,376
377.csv,601,3620.19093519822,5132.4027922526,54.748466066844294,130.0000326174605,3370.75817724321,5025.58208306358,377
378.csv,462,758.564036265016,1771.18354057148,38.75970636835546,126.06280664442316,436.876606749537,1588.69294903916,378
379.csv,601,3854.59045608714,9226.97729283571,62.72512350741206,130.0000326174605,3742.1404553241,9073.67807468845,379
38.csv,601,2599.44312030077,4557.17649825662,58.81097752106142,130.0000326174605,2413.3208082498,4475.36202021144,38
380.csv,601,3821.08617999032,9681.66609906033,65.21696455680996,130.0000326174605,3687.26982934468,9505.2370835193,380
381.csv,601,3488.87728236243,4529.95312293619,56.78672038249655,130.0000326174605,3268.18033188072,4289.89700985377,381
382.csv,510,596.541756793857,4502.27403122559,61.62708221775414,130.0000326174605,449.603445549875,4055.71166775671,382
383.csv,515,324.273407544941,3730.28610107303,45.520948066189824,130.0000326174605,102.355675088071,3553.47323323289,383
384.csv,601,2498.0950098224,3226.49577807635,50.38035714411062,130.0000326174605,2340.63253598948,3106.8126134862,384
385.csv,601,4075.7676262632,7741.38359078392,84.4255734362849,130.0000326174605,3873.47204054813,7695.15319087486,385
386.csv,601,2287.47387667,7909.45807434618,34.31433046607152,130.0000326174605,2172.10604979759,7721.12069927911,386
387.csv,456,630.040557246655,2344.1578228958,116.97865019518288,130.0000326174605,487.615755107348,2182.24324930918,387
388.csv,601,3466.73294183239,5152.44998684898,46.9655249785755,130.0000326174605,3257.12837683355,4973.64609712257,388
389.csv,375,810.864466857165,2326.34118762985,103.9409187614439,130.0000326174605,630.948998736901,2185.47476822318,389
39.csv,601,2060.0284447819,3598.80805034935,53.342871478796795,130.0000326174605,1904.59144247814,3492.94380069137,39
390.csv,601,2423.79735390842,3422.84179353341,35.725529040697026,101.98878377009295,2127.27695857129,3164.68589095624,390
391.csv,601,2699.40999587998,3286.90850390494,43.4791966272634,130.0000326174605,2462.84590224378,3174.7861886801,391
392.csv,601,1618.11013463512,3331.82927583903,55.737714924352034,130.0000326174605,1374.60591351065,3234.10088336078,392
393.csv,601,2102.86867974699,4882.38774293661,45.29390786879369,130.0000326174605,1824.78539011258,4771.82140052831,393
394.csv,457,1466.40938117355,2254.09296181425,49.96712743410906,130.0000326174605,1261.98884802874,2073.93900842158,394
395.csv,601,4867.2961255312,8178.16148402542,74.47162216793716,130.0000326174605,4724.42616028683,7959.31929205131,395
396.csv,601,207.632493715733,4235.27510422096,41.22990396430974,130.0000326174605,23.2972556277251,4110.22875008202,396
397.csv,601,3565.80571660772,4996.47945891693,54.58823184792207,130.0000326174605,3454.4327127543,4845.4521568396,397
398.csv,601,1658.40319808945,4361.9299214296,50.22815437511395,130.0000326174605,1339.42505814188,4240.22371278668,398
399.csv,601,3417.826226715,4892.06415838748,62.864090675527784,120.50954435668051,3255.09752614138,4703.32715954784,399
4.csv,601,4079.03942561522,4674.69101082534,44.53972872565877,130.0000326174605,3935.06459957839,4512.21956612559,4
40.csv,593,1487.80117038637,3481.05430833623,61.782378013280024,130.0000326174605,1313.67771311363,3336.28192791469,40
400.csv,515,997.122028276324,1966.30223519728,43.47914983950401,130.0000326174605,795.761691929201,1820.57000718742,400
401.csv,601,3956.01510541886,9421.06639652327,62.04946960338963,130.0000326174605,3727.38619884343,9118.26665488425,401
402.csv,601,3117.54675463215,4580.30004443601,71.67709398700119,130.0000326174605,2863.49440982939,4379.8774738896,402
403.csv,601,309.591671656817,4605.94194380566,37.88043651665071,130.0000326174605,131.695552561964,4543.31728215095,403
404.csv,601,2120.13999194652,3752.57299591601,71.11905001306879,130.0000326174605,1811.14953500994,3597.87471174456,404
405.csv,601,2840.70231037959,5486.24042098969,51.08183698912571,130.0000326174605,2672.8085449408,5375.18425395646,405
406.csv,330,839.95268284902,1353.64548301697,41.220635193600906,130.0000326174605,711.007714381525,1248.69942605183,406
407.csv,601,1584.2115965113,4025.57302626595,72.59143801897388,120.46502620952648,1350.92733419231,3863.81416989292,407
408.csv,415,1273.832420066,2498.9824362509,51.76338211078706,130.0000326174605,1125.68596999716,2355.91540771399,408
409.csv,601,1476.56888923049,4456.75923775509,50.46904056318912,130.0000326174605,1208.34586011235,4338.06890701411,409
41.csv,370,1422.36522337422,2180.22900430486,115.40565505627754,130.0000326174605,1259.9988073094,2048.99362360426,41
410.csv,294,1084.81194892898,2080.68693775311,82.1051208309301,130.0000326174605,820.872303564279,1874.70750695575,410
411.csv,601,3184.24548766389,5042.35051446408,47.51108645076318,130.0000326174605,2934.1253413666,4937.20643516616,411
412.csv,601,2297.09628432989,7914.92397543415,69.5889624738857,130.0000326174605,2049.71187120022,7786.50910597733,412
413.csv,374,892.89459900558,3257.99297318235,63.197032503781706,130.0000326174605,757.39286665452,3249.4669659808,413
414.csv,601,2498.50356978551,5571.85623179376,56.76378649968716,130.0000326174605,2280.64625979655,5487.46948380443,414
415.csv,601,3280.10155443475,5176.7894651629,56.37963261392561,130.0000326174605,3062.48199918526,5046.7420409563,415
416.csv,601,3897.5550064072,5266.65689668432,72.93121953241274,130.0000326174605,3774.40795838377,5151.91222661466,416
417.csv,601,3786.17466159165,8687.51611660421,74.62895743952723,130.0000326174605,3505.36008190478,8540.28352780245,417
418.csv,526,1632.50132532045,2333.85013914853,86.15800713491886,130.0000326174605,1371.30074779822,2231.81058474532,418
419.csv,601,3015.17556997016,4217.86810397357,56.96414632767057,130.0000326174605,2852.863843279,4031.30987548293,419
42.csv,601,1950.41844571754,3442.46414577588,68.25982777620077,130.0000326174605,1725.24184494327,3195.02003214079,42
420.csv,601,3931.96937727928,6275.29127661511,66.56013570889088,130.0000326174605,3772.64939444328,6184.44340893009,420
421.csv,506,1329.92876909673,4009.62588434666,41.1776814173741,130.0000326174605,1271.34629191105,3903.27059789204,421
422.csv,601,7560.11642931774,9626.1054597944,57.09615657251082,130.0000326174605,7392.49603751264,9508.59966855939,422
423.csv,601,1706.99166843668,6471.31713315472,65.3167893897826,130.0000326174605,1472.1520474384,6294.35958016698,423
424.csv,364,1702.27028850466,1932.88688138872,114.67541003107367,130.0000326174605,1475.81484026509,1762.39792234669,424
425.csv,601,2143.14536357298,7884.57558022067,52.9616086870718,130.0000326174605,1867.45767921116,7735.75103337377,425
426.csv,601,3007.88301726431,4824.19782034308,36.47618549682002,130.0000326174605,2848.76265418873,4753.13341415588,426
427.csv,601,5330.27933580801,9825.93443299085,78.00052415888632,130.0000326174605,5091.23991159044,9790.82826668916,427
428.csv,601,3964.86992959678,8250.82396220788,65.09883019954401,130.0000326174605,3770.33652340676,8129.36902784015,428
429.csv,601,3236.29216931015,4469.63470756635,36.60950866488735,79.33694947871396,3057.23447796361,4333.46215675502,429
43.csv,601,2627.82144992054,4326.96047983691,70.17000520623871,130.0000326174605,2566.11032814852,4188.51035010239,43
430.csv,601,6464.26802071929,10029.2977050506,69.51656808935498,130.0000326174605,6426.94927926788,9820.860000209,430
431.csv,601,1473.83953504264,5323.88122395426,38.87548089097735,130.0000326174605,1247.48455946231,5280.81538660808,431
432.csv,322,1156.80685595423,4136.94831799716,37.017269644569716,130.0000326174605,861.15360861459,3991.76729138305,432
433.csv,372,1305.82571726292,2985.67165205255,53.12459637020024,130.0000326174605,1086.63243358732,2810.40628982279,433
434.csv,601,1233.80311381444,4730.56711950153,52.389008917943926,130.0000326174605,1022.30363142905,4673.19533067598,434
435.csv,601,1556.73602874205,7291.35864602774,65.96791336978548,130.0000326174605,1338.02486385015,7147.2453609622,435
436.csv,477,2074.21633130312,3166.68337541074,126.42331987358813,130.0000326174605,1957.07662941796,3050.78659925792,436
437.csv,601,4094.63174883276,5652.37066294625,57.13337966718701,130.0000326174605,3866.66482358284,5500.74993606833,437
438.csv,601,4762.31568147615,9487.26110394299,46.45317031194056,130.0000326174605,4651.36328130252,9334.47821910929,438
439.csv,601,2901.29118818417,5051.16526948288,45.22507721853453,130.0000326174605,2690.81749615464,4988.07560150759,439
44.csv,601,2696.59218675271,4163.44029322639,51.410785329424726,122.15938436012686,2489.38572992071,4064.55262389255,44
440.csv,397,1147.87900565192,1996.76408449188,48.17912118614821,130.0000326174605,953.394048751836,1782.00115173648,440
441.csv,601,4158.10966821015,5317.85971717164,61.44145028296155,130.0000326174605,4035.24282359119,5208.0441087278,441
442.csv,601,2722.59005117416,4245.38984665647,61.79385187943105,114.24885623690834,2521.73405339517,4144.18844267454,442
443.csv,601,1263.89259174466,4517.26723756269,43.38329730635431,97.64243080461833,1019.75253570489,4352.36367745942,443
444.csv,355,1459.70097978041,2929.01876581833,59.33106020396889,130.0000326174605,1120.85776623093,2781.94887639354,444
445.csv,394,2301.94045761228,3061.70852313563,42.27435498876584,124.11713792262995,2156.0733300071,2892.15911104399,445
446.csv,435,1256.38454158232,2076.47840369493,58.51237676373337,130.0000326174605,1043.21235045609,1847.57368711953,446
447.csv,601,2936.44669277221,7864.03053776547,64.34503021307897,130.0000326174605,2735.57230126696,7652.37472312915,447
448.csv,601,2566.95265715197,7191.05182407051,34.73837913320278,130.0000326174605,2327.27404977007,7158.76412005216,448
449.csv,601,3590.05865895003,4557.11703215912,51.43444858204919,130.0000326174605,3424.5656288225,4425.86901469661,449
45.csv,601,716.35233175382,3633.50531287119,45.99251917242572,130.0000326174605,494.745888893607,3511.00765542173,45
450.csv,601,2941.35253097862,5123.90481369197,57.46370665889683,130.0000326174605,2911.53591881718,4960.58920942885,450
451.csv,601,1024.59495516866,4191.16358049959,45.16491445412672,130.0000326174605,673.654095440578,4092.54031881561,451
452.csv,601,3302.60960035399,5678.05187862366,70.39130638980494,130.0000326174605,3113.70746762288,5437.79002736401,452
453.csv,601,3387.99563126266,4429.05509692803,51.21424577217959,130.0000326174605,3256.24237493099,4312.21069632566,453
454.csv,601,3176.16702713445,4342.61521810666,51.69952999797941,130.0000326174605,3004.92562727298,4189.78181642371,454
455.csv,601,2312.80206378922,4714.89721506462,47.67864642983039,130.0000326174605,2150.72835006414,4497.67979327354,455
456.csv,601,3673.11730379239,4710.55498276651,50.73036984040653,130.0000326174605,3475.05039462104,4559.76527822657,456
457.csv,587,2314.02783374488,7076.49157520011,87.3765573327563,130.0000326174605,2309.15354868643,6879.25020800513,457
458.csv,601,3939.01455602422,5718.32179090008,45.39531204719821,130.0000326174605,3783.59211687151,5668.55725400323,458
459.csv,601,3932.30980003998,5416.30860195309,32.915499584790545,119.29649229954367,3717.54981081364,5288.78053619243,459
46.csv,296,2281.78522866964,2937.73599978909,118.89258254802614,130.0000326174605,2106.25762087204,2803.38911429293,46
460.csv,385,1719.84575586766,2655.29209172726,83.66963725879278,130.0000326174605,1572.25471777945,2511.76333943684,460
461.csv,601,3146.78854463622,4876.09501087293,56.3647790838441,121.43950896989942,3042.57010104891,4789.96541546765,461
462.csv,601,3872.25368670374,8813.42849485576,65.20836261744574,130.0000326174605,3592.71913265219,8704.12002285787,462
463.csv,601,3338.44740631431,7676.9190457873,65.67035645441099,130.0000326174605,3103.43670197281,7509.72642565955,463
464.csv,601,1541.69539496303,4111.17115594447,55.02513617311038,130.0000326174605,1384.0426151358,3890.7607790166,464
465.csv,601,1853.7860237658,3858.24092707783,39.247134745684356,130.0000326174605,1796.46909159794,3612.70816780785,465
466.csv,601,4372.61171884835,5728.41744976118,48.543274649129444,130.0000326174605,4180.11639047736,5543.25396242895,466
467.csv,399,386.208941135556,3209.2405430153,63.88716709979616,130.0000326174605,379.41810011086,3062.88209364228,467
468.csv,601,3043.00639335439,4922.23972742632,58.9097452538486,130.0000326174605,2923.11006879834,4812.4506252627,468
469.csv,601,3218.13516996056,5398.55874422193,50.35270554477881,130.0000326174605,2987.1933353652,5271.8354142683,469
47.csv,339,1123.26521044597,1992.09837243706,40.83091015762182,130.0000326174605,952.791642576356,1966.35982660697,47
470.csv,601,3649.98935694247,5113.92822667584,42.99131986686895,130.0000326174605,3516.38888276821,4891.64619143284,470
471.csv,601,282.414537198842,4340.51537788287,37.46588964443747,130.0000326174605,116.20932595835,4149.0230814236,471
472.csv,348,1955.62842403352,3012.99736911058,130.0000326174605,130.0000326174605,1774.91491574613,2861.37337451535,472
473.csv,601,2029.05449496582,4592.95530531183,69.24231233153454,130.0000326174605,1869.69254399156,4367.84739762482,473
474.csv,601,3094.37736497447,5681.45398904383,54.82622835599804,130.0000326174605,2870.04591444101,5576.4104446491,474
475.csv,601,2901.04552498832,4463.19335521385,62.68887718459448,130.0000326174605,2619.40133408801,4324.78066840791,475
476.csv,327,2103.35893122852,3061.08931817859,57.71845803603101,130.0000326174605,1966.0603891129,2887.07872384763,476
477.csv,601,3209.59010136127,4311.19308448583,64.25416490591955,130.0000326174605,2915.29072594757,4105.91954925967,477
478.csv,601,3681.4744023867,4757.08871099353,64.45351902973894,130.0000326174605,3447.83161862348,4618.68034652052,478
479.csv,601,708.481828253716,4920.78843124211,69.24064370262431,130.0000326174605,670.986729539223,4774.41257347156,479
48.csv,601,1542.57875716686,3407.7220910117,62.9621186003325,130.0000326174605,1290.81898170748,3277.04367367936,48
480.csv,544,2047.92312822863,3416.26617628708,35.465087197163,82.06487664536122,1859.08083845925,3184.49452085729,480
481.csv,601,3157.64510498196,5027.70167270303,63.82417109329728,103.28651105215575,2942.93781327221,4909.44341587276,481
482.csv,547,1843.84269693866,3264.20201003551,76.38468573578513,130.0000326174605,1704.4940554299,3149.18993683329,482
483.csv,601,1303.67525381595,4599.05316357315,36.56733629024358,130.0000326174605,1044.811313051,4484.54028755698,483
484.csv,601,1466.95030755922,3727.76418283954,48.310866401774156,130.0000326174605,1145.20596585394,3572.78332372532,484
485.csv,601,3246.35670462623,4566.22372016683,67.01821033817015,130.0000326174605,3056.2862823399,4379.62584938782,485
486.csv,601,2316.90491409227,4071.38928328454,66.22650483871844,130.0000326174605,2120.49243503842,3948.91225863309,486
487.csv,601,2301.19662000984,4093.22411715984,61.430036519820696,130.0000326174605,2160.42002238976,4059.62006223297,487
488.csv,601,3242.94292870536,5333.26704017445,50.79239806964487,130.0000326174605,2953.969682945,5162.43432646816,488
489.csv,601,5171.92845155671,8291.91946392879,34.073234309842974,83.36589952733006,5011.0049515702,8239.68407678586,489
49.csv,601,4483.41653070971,5833.32079382241,56.900736628834665,130.0000326174605,4280.85895637204,5593.28869111948,49
490.csv,601,2407.54414331913,3888.30606206134,74.44913947953854,130.0000326174605,2321.35098693132,3771.32206937324,490
491.csv,587,2088.9169825092,2925.12205145508,47.088430456816134,130.0000326174605,1827.50618564843,2790.23156211131,491
492.csv,601,4025.63227374852,7741.659514606,42.4550197305818,114.8528116386814,3931.67266898529,7556.39189853037,492
493.csv,601,2229.03813843802,3347.8400109224,39.79513592139596,130.0000326174605,1979.0194294934,3098.57463514965,493
494.csv,601,4064.82964647934,5166.47403234243,52.7302381720932,130.0000326174605,3896.53663439915,5033.61583013787,494
495.csv,601,960.138388566673,4383.39050742611,53.23866976219313,130.0000326174605,715.796011562275,4136.9142566882,495
496.csv,601,3874.19860018045,5119.08418515697,35.68221323204947,130.0000326174605,3628.81910212721,4890.12482867706,496
497.csv,601,3797.33506296203,5188.15199541301,59.134368415670544,130.0000326174605,3757.5785393204,5014.21249920356,497
498.csv,543,2134.40102118999,8412.19389559329,63.40096789374591,130.0000326174605,1985.42400261798,8284.54103538147,498
499.csv,601,4460.03797245398,7709.30335406587,67.75680243303387,130.0000326174605,4275.43754527481,7643.03923707062,499
5.csv,601,3024.82552943751,3535.94707325101,38.594073536370296,130.0000326174605,2818.95191364295,3378.88596090598,5
50.csv,601,5744.97826144472,8722.41534981132,56.85917913530762,130.0000326174605,5557.87276833984,8557.88421360983,50
500.csv,601,1156.49670086801,4041.98607254773,48.35039106348318,130.0000326174605,968.527218839735,3929.3915614056,500
51.csv,601,2477.25569832698,5147.58516171947,73.29094152091024,130.0000326174605,2219.7967121039,4993.99763534572,51
52.csv,601,2944.05797275528,4833.12306810543,60.51827154903819,130.0000326174605,2701.04257796095,4798.17829597382,52
53.csv,601,1460.43276803941,6065.91782458499,45.018074622754405,130.0000326174605,1225.97317660311,5949.26064068069,53
54.csv,409,1921.01745657995,2588.46654471755,52.166647451771965,130.0000326174605,1729.21201987025,2412.17143844093,54
55.csv,420,1278.52222043276,4139.93378413096,45.56816269231166,130.0000326174605,1105.57797324565,4022.98612714583,55
56.csv,601,2580.09232345223,3906.83410523087,52.10445057161453,130.0000326174605,2469.97082959737,3872.61143027087,56
57.csv,511,1692.27018415555,2378.74225102365,61.93395914247528,130.0000326174605,1562.22622512907,2289.45091056416,57
58.csv,601,4610.39357857779,5947.33568996564,42.71122913534893,130.0000326174605,4498.60112838925,5833.87339951778,58
59.csv,601,1732.45953221992,5534.89692903683,49.390351364176716,130.0000326174605,1684.42568022946,5364.50120268595,59
6.csv,601,2826.62148227543,6927.88458162919,39.907384304399386,130.0000326174605,2786.47485768992,6746.91680963009,6
60.csv,512,1076.05336677656,2079.28936441988,47.96752090998971,109.72563302742421,879.299100342629,1918.05784634078,60
61.csv,601,6194.48622635007,8352.50840361416,60.67812237191626,130.0000326174605,5938.69746448499,8187.41248931656,61
62.csv,601,8509.43619128689,9435.79609089717,65.5320370285626,130.0000326174605,8277.13729302794,9321.81696144038,62
63.csv,601,2554.28799556568,4966.6294035092,41.27240332882169,101.49609868014987,2400.52955030273,4846.91241732887,63
64.csv,601,2540.08802732825,3327.89175577462,49.22391037438414,130.0000326174605,2321.35614838574,3090.5368922178,64
65.csv,601,6927.98479193076,9446.48158073798,51.03045157149508,130.0000326174605,6702.00945132704,9284.09242075481,65
66.csv,601,3581.97775602341,4868.48983440548,51.19214788030512,130.0000326174605,3399.77323851828,4810.28508633703,66
67.csv,601,8357.51845811307,10128.1078278087,35.46221663852821,103.8878997783038,8229.23361544296,9954.32846245102,67
68.csv,601,3457.52520954609,5148.65767428651,71.7178889287058,130.0000326174605,3296.92703854377,5014.59895971334,68
69.csv,601,1466.02285256982,5852.77932358906,65.69033343916144,130.0000326174605,1233.21455001963,5750.71864797115,69
7.csv,601,7708.08886869252,9808.41912555322,54.579935694060296,130.0000326174605,7489.60148616776,9653.41929748856,7
70.csv,601,3704.1093572937,6451.59401699156,46.341484438222416,130.0000326174605,3563.74564280156,6411.04202647584,70
71.csv,601,870.965752732009,3830.18494483456,36.44636014208518,130.0000326174605,701.731320731328,3683.47548543911,71
72.csv,505,1234.13066887483,5894.03595348448,74.5348367926063,130.0000326174605,1165.88995796846,5649.15380742833,72
73.csv,601,2540.12229645997,4852.64837890118,48.97697155147597,130.0000326174605,2352.39936842629,4758.5346929952,73
74.csv,601,3840.69424512982,9468.28862573206,56.90477928960023,130.0000326174605,3676.65446145457,9230.98560505282,74
75.csv,601,2224.46220026165,7043.40545363724,68.4405652840046,130.0000326174605,1859.01713544068,6911.10120173887,75
76.csv,601,5262.75148800761,6984.89086000994,68.98731038230449,130.0000326174605,5058.35702656638,6866.95288311155,76
77.csv,367,1291.8236165382,2339.40197752789,98.59784609325106,130.0000326174605,975.662188149382,2192.19745042767,77
78.csv,491,1311.10863546282,4362.65711839125,36.994818472223955,63.39308489632876,1180.65079546601,4235.5857113144,78
79.csv,601,3987.38111007214,6430.16319030523,72.87649981677744,130.0000326174605,3794.29247537375,6270.05957114955,79
8.csv,601,1598.26373761892,4424.08530243859,56.69812952873727,130.0000326174605,1393.16398725088,4313.62738148619,8
80.csv,601,2612.2650731951,4221.6019256562,56.56268873465031,130.0000326174605,2488.04809306615,4080.17879899429,80
81.csv,601,1764.76033867896,3957.04345460981,42.58959125065843,130.0000326174605,1545.95664262036,3807.57233225254,81
82.csv,601,2261.20970049128,7266.78466387838,70.88828981940372,130.0000326174605,2047.36023667543,7086.32355767056,82
83.csv,601,2416.25110601261,3927.064410083,49.46004039981536,130.0000326174605,2231.28400574763,3891.45853726086,83
84.csv,601,2501.09281224385,3840.14229246974,55.66155193337279,130.0000326174605,2327.30956574062,3697.73799522647,84
85.csv,555,2921.07308644056,6675.04990907013,66.67178557431406,130.0000326174605,2581.4707496353,6543.04034228979,85
86.csv,601,1623.46777727827,4181.58900480345,47.88956012553868,130.0000326174605,1343.13075997849,4013.09061071598,86
87.csv,601,4652.97359890491,5759.47772018611,56.34424836983044,130.0000326174605,4432.69732980993,5579.01168029707,87
88.csv,601,6807.24103327841,8027.38162055984,54.10660901528654,130.0000326174605,6612.32922603525,7971.67503126941,88
89.csv,601,2171.99986381456,5311.74748748168,61.80792677321196,130.0000326174605,1928.86416075513,5127.77765897866,89
9.csv,601,2283.88183557242,3621.95048806816,73.55086084303426,116.62760086721141,2102.30473067133,3434.24314285972,9
90.csv,601,2471.88080660999,3654.66825375706,53.117312687773214,130.0000326174605,2297.47037368123,3466.66961859928,90
91.csv,601,1865.43132090569,4622.39236591756,58.30730089396468,130.0000326174605,1718.31407589533,4549.44791144054,91
92.csv,533,1310.26184631512,5934.23184433952,59.76287081347116,130.0000326174605,1132.62298221461,5860.0917343549,92
93.csv,601,6120.75653599948,7624.04924999923,61.40774859724886,130.0000326174605,5869.16564906525,7499.16799324965,93
94.csv,428,1472.12293762714,2782.8330325447,61.25671145178025,130.0000326174605,1114.00421725574,2658.53892462134,94
95.csv,601,2473.88527989015,8579.65159561485,66.43060687783164,130.0000326174605,2346.21185969236,8452.33074369446,95
96.csv,601,7664.96980988607,10015.4709316604,77.82066111978688,130.0000326174605,7515.96498152467,9837.50802165072,96
97.csv,601,1636.16718572006,6821.37485813722,62.852187890108546,130.0000326174605,1332.26211670817,6693.72785953557,97
98.csv,370,1491.69153217226,2203.57755951956,47.93480523389815,130.0000326174605,1334.78501508016,2163.35925534343,98
99.csv,601,5423.31011832133,9325.44675255567,51.25094538999872,130.0000326174605,5246.71644407271,9084.10180265103,99
